"File","Line","Code","Context"
"src\components\MediaPickerModal.tsx","118","Array.from({ length: workerCount }, async () => {","while (nextIndex < items.length) {         const currentIndex = nextIndex;         nextIndex += 1;         results[currentIndex] = await task(items[currentIndex]);       }"
"src\components\MediaPickerModal_old.tsx","112","Array.from({ length: workerCount }, async () => {","while (nextIndex < items.length) {         const currentIndex = nextIndex;         nextIndex += 1;         results[currentIndex] = await task(items[currentIndex]);       }"
"src\components\MediaViewer.tsx","271",".from(bucket)",".getPublicUrl(key, transformOpt);     return data?.publicUrl || """";   } catch {     return """";   }"
"src\components\MediaViewer.tsx","1407",".from(""chat_messages"")",".select(""id,type,file_bucket,file_key,mime,created_at,sender_id"")           .eq(""room_id"", roomId)           .in(""type"", [""image"", ""video""])           .order(""created_at"", { ascending: false })           .limit(500);"
"src\components\MediaViewer.tsx","1408",".select(""id,type,file_bucket,file_key,mime,created_at,sender_id"")",".eq(""room_id"", roomId)           .in(""type"", [""image"", ""video""])           .order(""created_at"", { ascending: false })           .limit(500);         if (error) console.warn(""MediaViewer load error"", error);"
"src\components\MediaViewer.tsx","1468",".from(r.file_bucket)",".getPublicUrl(fk, transformOpt);             if (pub?.publicUrl) resolved = pub.publicUrl;           } catch {}            if (!resolved) {"
"src\components\MediaViewer.tsx","1476",".from(r.file_bucket)",".createSignedUrl(fk, 86400, transformOpt);               if (error) throw error;               resolved = data.signedUrl;             } catch {               resolved = """";"
"src\components\MediaViewer.tsx","1552",".from(""profiles"")",".select(""nickname"")           .eq(""user_id"", sid)           .maybeSingle();          if (!byUserId.error && byUserId.data?.nickname) {"
"src\components\MediaViewer.tsx","1553",".select(""nickname"")",".eq(""user_id"", sid)           .maybeSingle();          if (!byUserId.error && byUserId.data?.nickname) {           nickname = String(byUserId.data.nickname);"
"src\components\MediaViewer.tsx","1561",".from(""profiles"")",".select(""nickname"")             .eq(""id"", sid)             .maybeSingle();            if (!byId.error && byId.data?.nickname) {"
"src\components\MediaViewer.tsx","1562",".select(""nickname"")",".eq(""id"", sid)             .maybeSingle();            if (!byId.error && byId.data?.nickname) {             nickname = String(byId.data.nickname);"
"src\context\ThemeContext.tsx","42",".from('profiles')",".update({ theme_pref: newPref, theme_pref_updated_at: new Date() })         .eq('id', session.user.id);     }   };"
"src\context\ThemeContext.tsx","55",".from('profiles')",".select('theme_pref')         .eq('id', session.user.id)         .maybeSingle();        if (data?.theme_pref) {"
"src\context\ThemeContext.tsx","56",".select('theme_pref')",".eq('id', session.user.id)         .maybeSingle();        if (data?.theme_pref) {         setThemePref(data.theme_pref as ThemePref);"
"src\features\openProfiles\openProfiles.read.ts","51","const ensure = await supabase.rpc('ensure_default_open_profile_v1');","if (ensure.error) throw ensure.error;    const { data, error } = await supabase.rpc('list_my_open_profiles_v1');   if (error) throw error;"
"src\features\openProfiles\openProfiles.read.ts","54","const { data, error } = await supabase.rpc('list_my_open_profiles_v1');","if (error) throw error;    return (Array.isArray(data) ? data : []).map(normalizeOpenProfile); }"
"src\features\openProfiles\openProfiles.write.ts","41","const { data, error } = await supabase.rpc('create_open_profile_v1', {","p_nickname: nickname,     p_avatar_url: cleanText(draft.avatar_url),     p_status_message: cleanText(draft.status_message),     p_is_default: draft.is_default === true,   });"
"src\features\openProfiles\openProfiles.write.ts","56","const { error } = await supabase.rpc('update_open_profile_v1', {","p_profile_id: profileId,     p_nickname: nickname,     p_avatar_url: cleanText(draft.avatar_url),     p_status_message: cleanText(draft.status_message),     p_is_default: typeof draft.is_default === 'boolean' ? draft.is_default : null,"
"src\features\openProfiles\openProfiles.write.ts","68","const { error } = await supabase.rpc('set_default_open_profile_v1', {","p_profile_id: profileId,   });    if (error) throw error; }"
"src\features\openProfiles\openProfiles.write.ts","76","const { error } = await supabase.rpc('delete_open_profile_v1', {","p_profile_id: profileId,   });    if (error) throw error; }"
"src\hooks\useMyLocation.ts","61","await supabase.rpc('clear_user_last_location');","} catch (e) {       console.warn('[useMyLocation] clear_user_last_location failed', e);     }   }, []);"
"src\hooks\useMyLocation.ts","97","const { error: rpcError } = await supabase.rpc('upsert_user_last_location', {","p_lat: lat,         p_lng: lng,         p_accuracy_m: accuracyM,         p_source: source,         p_recorded_at: new Date(atMs).toISOString(),"
"src\hooks\useMyLocation.ts","125","const { error: rpcError } = await supabase.rpc('confirm_user_last_location', {","p_source: source,       p_confirmed_at: new Date(atMs).toISOString(),     });      if (rpcError) {"
"src\hooks\useNotifBadge.ts","16","const probe = await supabase.from(TABLE_NAME).select('read_at').limit(1);","const hasReadAt = !probe.error && Array.isArray(probe.data) && probe.data.length > 0 && (probe.data[0] as any).read_at !== undefined;        if (!hasReadAt) { setCount(0); return; }        const { data, error } = await supabase"
"src\hooks\useNotifBadge.ts","22",".from(TABLE_NAME)",".select('id', { count: 'exact', head: true })         .eq('user_id', user.id)         .is('read_at', null);        if (error) { setCount(0); return; }"
"src\hooks\useNotifBadge.ts","23",".select('id', { count: 'exact', head: true })",".eq('user_id', user.id)         .is('read_at', null);        if (error) { setCount(0); return; }       setCount((data as any)?.length ?? (typeof (data as any)?.count === 'number' ? (data as any).count : 0));"
"src\hooks\useRoomRealtimeSync.ts","99","const sorted = Array.from(map.entries()).sort((a, b) => a[1] - b[1]);","for (const [id] of sorted.slice(0, Math.max(0, sorted.length - 420))) {         map.delete(id);       }     }   }, []);"
"src\hooks\useRooms.ts","22",".from('rooms')",".select('id,title,lat,lng,is_published,published_until')         .eq('is_published', true)         .gt('published_until', new Date().toISOString())         .limit(200);       if (error) throw error;"
"src\hooks\useRooms.ts","23",".select('id,title,lat,lng,is_published,published_until')",".eq('is_published', true)         .gt('published_until', new Date().toISOString())         .limit(200);       if (error) throw error;"
"src\lib\chatDB\readStates.ts","94","return Array.from(map.values());","}  export async function prepareRoomReadStateUpserts(   collection: AnyCollection,   rows: RoomReadStateInput[],"
"src\lib\chatDB\readStates.ts","104","const roomIds = Array.from(new Set(normalized.map((r) => r.room_id)));","const userIds = Array.from(new Set(normalized.map((r) => r.user_id)));    const existingRows = await collection     .query(Q.where('room_id', Q.oneOf(roomIds)), Q.where('user_id', Q.oneOf(userIds)))     .fetch();"
"src\lib\chatDB\readStates.ts","105","const userIds = Array.from(new Set(normalized.map((r) => r.user_id)));","const existingRows = await collection     .query(Q.where('room_id', Q.oneOf(roomIds)), Q.where('user_id', Q.oneOf(userIds)))     .fetch();"
"src\lib\chatDelete\deleteMineTombstones.ts","86",".from('chat_message_deletions')",".select('message_id, deleted_at')     .order('deleted_at', { ascending: false })     .limit(MAX_ITEMS);    if (error) return [];"
"src\lib\chatDelete\deleteMineTombstones.ts","87",".select('message_id, deleted_at')",".order('deleted_at', { ascending: false })     .limit(MAX_ITEMS);    if (error) return [];   return (data ?? []) as any[];"
"src\lib\chatDelete\deleteMineTombstones.ts","232",".from('chat_message_deletions')",".upsert(         {           room_id,           message_id,           deleted_at: new Date().toISOString(),"
"src\lib\chatDelete\filePurge.ts","110","return Array.from(acc);","}  export async function purgeLocalFiles(paths: string[]): Promise<void> {   // Idempotent: missing files should not throw   for (const p of paths) {"
"src\lib\chatInteractions\messageState.ts","150","for (const [key, existing] of Array.from(store.entries())) {","if (existing.userId !== entry.userId) continue;     if (!hasSharedKey(existing.keys, entry.keys)) continue;     store.delete(key);   }"
"src\lib\chatInteractions\messageState.ts","274","const rpcResult = await supabase.rpc('get_chat_room_interaction_state', {","p_room_id: roomId,     });      if (!rpcResult.error) {       const normalized = normalizeRemoteInteractionPayload(rpcResult.data);"
"src\lib\chatInteractions\messageState.ts","287",".from('chat_message_bookmarks')",".select('user_id, room_id, message_uid, message_id, room_seq, deleted_at, updated_at')         .eq('room_id', roomId)         .eq('user_id', userId)         .is('deleted_at', null),       supabase"
"src\lib\chatInteractions\messageState.ts","288",".select('user_id, room_id, message_uid, message_id, room_seq, deleted_at, updated_at')",".eq('room_id', roomId)         .eq('user_id', userId)         .is('deleted_at', null),       supabase         .from('chat_message_reactions')"
"src\lib\chatInteractions\messageState.ts","293",".from('chat_message_reactions')",".select('user_id, room_id, message_uid, message_id, room_seq, reaction_key, deleted_at, updated_at')         .eq('room_id', roomId)         .is('deleted_at', null),     ]);"
"src\lib\chatInteractions\messageState.ts","294",".select('user_id, room_id, message_uid, message_id, room_seq, reaction_key, deleted_at, updated_at')",".eq('room_id', roomId)         .is('deleted_at', null),     ]);      if (bookmarkResult.error || reactionResult.error) {"
"src\lib\chatInteractions\messageState.ts","460","const { error } = await supabase.rpc(rpc, params as any);","if (error) throw error;       await markBookmarkSynced(userId, ident, 'synced');     } catch (e) {       await markBookmarkSynced(userId, ident, 'failed', e);     }"
"src\lib\chatInteractions\messageState.ts","541","const { error } = await supabase.rpc(rpc, params as any);","if (error) throw error;       await markReactionSynced(userId, ident, 'synced');     } catch (e) {       await markReactionSynced(userId, ident, 'failed', e);     }"
"src\lib\chatSecurity\secureCrypto.ts","108","return (globalThis as any).Buffer.from(bytes).toString('base64');","}   let binary = '';   for (let i = 0; i < bytes.length; i += 1) binary += String.fromCharCode(bytes[i]!);   if (typeof btoa === 'function') return btoa(binary);   throw new Error('No base64 encoder available');"
"src\lib\chatSecurity\secureCrypto.ts","118","return new Uint8Array((globalThis as any).Buffer.from(base64, 'base64'));","}   if (typeof atob === 'function') {     const binary = atob(base64);     const out = new Uint8Array(binary.length);     for (let i = 0; i < binary.length; i += 1) out[i] = binary.charCodeAt(i);"
"src\lib\chatSecurity\secureKeyStore.ts","868","const rooms = Array.from(roomMap.values());","const keyCount = rooms.reduce((sum, room) => sum + room.epochs.length, 0);     return {       version: 1,       exportedAt: nowIso(),       userId: params.userId ?? null,"
"src\lib\chatSecurity\secureRuntimeStore.ts","316","const h = Array.from(rnd, (b) => b.toString(16).padStart(2, ""0"")).join("""");","return `${h.slice(0, 8)}-${h.slice(8, 12)}-${h.slice(12, 16)}-${h.slice(16, 20)}-${h.slice(20)}`; } function platformForRpc(): ""ios"" | ""android"" | ""web"" {   return Platform.OS === ""ios""     ? ""ios"""
"src\lib\chatSecurity\secureRuntimeStore.ts","650","const { error } = await supabase.rpc(""secure_register_device_bundle"", {","p_device_id: deviceId,         p_device_label: `${platformForRpc()} secure device`,         p_platform: platformForRpc(),         p_identity_public_key: bundle.identityPublicKeyB64u,         p_identity_key_version: 1,"
"src\lib\chatSecurity\secureRuntimeStore.ts","689","const { data, error } = await supabase.rpc(""secure_get_key_backup"");","if (error) throw new Error(`secure backup load failed: ${error.message}`);     return firstRpcRow(data);   }    async getSecureKeyBackupStatus(): Promise<SecureKeyBackupStatus> {"
"src\lib\chatSecurity\secureRuntimeStore.ts","728","const { data, error } = await supabase.rpc(""secure_upsert_key_backup"", {","p_device_id: deviceId,       p_encrypted_blob: envelope,       p_blob_hash: blobHash,       p_kdf: envelope.kdf,       p_kdf_params: {"
"src\lib\chatSecurity\secureRuntimeStore.ts","786","const { error } = await supabase.rpc(""secure_mark_key_backup_restored"");","if (error) {     }      this.emit();     return result;"
"src\lib\chatSecurity\secureRuntimeStore.ts","795","const { error } = await supabase.rpc(""secure_delete_key_backup"");","if (error) throw new Error(`secure backup delete failed: ${error.message}`);   }    async createNewRoomSecureEpoch(params: {     roomId: number;"
"src\lib\chatSecurity\secureRuntimeStore.ts","829","const { data, error } = await supabase.rpc(""secure_request_peer_recovery"", {","p_room_id: roomId,       p_requester_device_id: deviceId,       p_requested_epoch: Math.max(0, Math.trunc(Number(params.requestedEpoch ?? 0) || 0)),       p_target_user_id: params.targetUserId ?? null,       p_meta: { source: ""app_room_history_key_request"" },"
"src\lib\chatSecurity\secureRuntimeStore.ts","843","const { data, error } = await supabase.rpc(""secure_list_peer_recovery_requests"", {","p_room_id: normalizedRoomId,     });     if (error) throw new Error(`secure history key request list failed: ${error.message}`);     return normalizePeerRecoveryRequestList(data);   }"
"src\lib\chatSecurity\secureRuntimeStore.ts","860","const { error } = await supabase.rpc(""secure_reject_peer_recovery_request"", {","p_request_id: requestId,       p_resolver_device_id: deviceId,     });     if (error) throw new Error(`secure history key reject failed: ${error.message}`);   }"
"src\lib\chatSecurity\secureRuntimeStore.ts","881","const { data: beginData, error: beginError } = await supabase.rpc(","""secure_begin_peer_recovery_approval"",       {         p_request_id: requestId,         p_resolver_device_id: deviceId,       },"
"src\lib\chatSecurity\secureRuntimeStore.ts","946","const { error: publishError } = await supabase.rpc(""secure_publish_peer_recovery_parcels"", {","p_request_id: requestId,       p_resolver_device_id: deviceId,       p_parcels: parcels,       p_meta: {         source: ""app_approve_room_history_key_request"","
"src\lib\chatSecurity\secureRuntimeStore.ts","979","const { data, error } = await supabase.rpc(""secure_list_peer_recovery_parcels_to_claim"", {","p_room_id: normalizedRoomId,       p_device_id: deviceId,     });     if (error) throw new Error(`secure history key claim list failed: ${error.message}`);"
"src\lib\chatSecurity\secureRuntimeStore.ts","1005","const { error: markSkippedError } = await supabase.rpc(""secure_mark_peer_recovery_parcel_claimed"", {","p_parcel_id: parcelId,             p_device_id: deviceId,           });           if (markSkippedError) throw new Error(`secure history key claim mark failed: ${markSkippedError.message}`);           continue;"
"src\lib\chatSecurity\secureRuntimeStore.ts","1032","const { error: markError } = await supabase.rpc(""secure_mark_peer_recovery_parcel_claimed"", {","p_parcel_id: parcelId,         p_device_id: deviceId,       });       if (markError) throw new Error(`secure history key claim mark failed: ${markError.message}`);       imported += 1;"
"src\lib\chatSecurity\secureRuntimeStore.ts","1052","const { data, error } = await supabase.rpc(","""secure_claim_room_epoch_parcels"",       {         p_room_id: roomId,         p_device_id: deviceId,         p_after_epoch: 0,"
"src\lib\chatSecurity\secureRuntimeStore.ts","1085",".from(""secure_room_epochs"")",".select(""key_fingerprint"")       .eq(""room_id"", roomId)       .eq(""epoch"", epoch)       .maybeSingle();     if (error) return null;"
"src\lib\chatSecurity\secureRuntimeStore.ts","1086",".select(""key_fingerprint"")",".eq(""room_id"", roomId)       .eq(""epoch"", epoch)       .maybeSingle();     if (error) return null;     return trimStr((data as any)?.key_fingerprint) || null;"
"src\lib\chatSecurity\secureRuntimeStore.ts","1095","const { data, error } = await supabase.rpc(""secure_can_manage_room"", {","p_room_id: roomId,     });     if (error) return false;     return data === true;   }"
"src\lib\chatSecurity\secureRuntimeStore.ts","1116","const { data: epochData, error: epochError } = await supabase.rpc(","""secure_create_room_epoch"",       {         p_room_id: roomId,         p_created_device_id: deviceId,         p_reason: reason,"
"src\lib\chatSecurity\secureRuntimeStore.ts","1190","const { data, error } = await supabase.rpc(","""secure_list_room_member_device_bundles"",       { p_room_id: roomId },     );     if (error)       throw new Error(`secure member device list failed: ${error.message}`);"
"src\lib\chatSecurity\secureRuntimeStore.ts","1225","const { error: publishError } = await supabase.rpc(","""secure_publish_room_epoch_parcels_bulk"",       {         p_room_id: roomId,         p_epoch: epoch,         p_key_fingerprint: fp,"
"src\lib\chatSecurity\secureRuntimeStore.ts","1245","const { error: finalizeError } = await supabase.rpc(","""secure_finalize_room_epoch_publish"",       {         p_room_id: roomId,         p_epoch: epoch,         p_created_device_id: deviceId,"
"src\lib\chatSecurity\secureRuntimeStore.ts","1285",".from(""chat_rooms"")",".select(""id, secure_mode_enabled, current_secure_epoch, secure_policy"")         .eq(""id"", roomId)         .maybeSingle();       if (roomError)         throw new Error(`secure room state failed: ${roomError.message}`);"
"src\lib\chatSecurity\secureRuntimeStore.ts","1286",".select(""id, secure_mode_enabled, current_secure_epoch, secure_policy"")",".eq(""id"", roomId)         .maybeSingle();       if (roomError)         throw new Error(`secure room state failed: ${roomError.message}`);"
"src\lib\chatSecurity\secureRuntimeStore.ts","1670",".from(""chat_rooms"")",".select(""id, secure_mode_enabled, current_secure_epoch, secure_policy"")         .eq(""id"", roomId)         .maybeSingle();       if (cancelled) return;       if (error) {"
"src\lib\chatSecurity\secureRuntimeStore.ts","1671",".select(""id, secure_mode_enabled, current_secure_epoch, secure_policy"")",".eq(""id"", roomId)         .maybeSingle();       if (cancelled) return;       if (error) {         secureRuntimeStore.setRoomError(roomId, error.message);"
"src\lib\chatSync\pull.ts","188","const keys = Array.from(","new Set(       rows         .map((row) => stableMessageItemKeyFromRow(row as any))         .filter((key): key is string => !!key),     ),"
"src\lib\chatSync\pull.ts","457","const uidList = Array.from(new Set(withAttachments.map((r: any) => String(r.message_uid)).filter(Boolean)));","if (!uidList.length) return;    const msgCollection = database.get<Message>('messages');   const attCollection = database.get<any>('chat_attachments');"
"src\lib\chatSync\pull.ts","787",".from('chat_message_deletions')",".select('message_id, deleted_at, room_id')       .eq('user_id', userId)       .eq('room_id', roomId)       .in('message_id', chunk);"
"src\lib\chatSync\pull.ts","788",".select('message_id, deleted_at, room_id')",".eq('user_id', userId)       .eq('room_id', roomId)       .in('message_id', chunk);      if (error) continue;"
"src\lib\chatSync\pull.ts","804","const ids = Array.from(new Set((messageIds ?? []).map((id) => String(id ?? '').trim()).filter(Boolean)));","if (!ids.length) return;    try {     await runNamedDBWrite(`deleteMine:destroyLocal:ids:${ids.length}`, async () => {       const collection = database.get<Message>('messages');"
"src\lib\chatSync\pull.ts","852","await destroyLocalMessagesByServerIds(Array.from(deleteMineIds));","pulldbg('FILTER_DELETE_MINE_ROWS', {     roomId,     dropped: deleteMineIds.size,     sample: Array.from(deleteMineIds).slice(0, 10),"
"src\lib\chatSync\pull.ts","857","sample: Array.from(deleteMineIds).slice(0, 10),","});    return rows.filter((r) => !deleteMineIds.has(String(r.id))); }"
"src\lib\chatSync\pull.ts","881","const locallyDeletedMineIds = Array.from(","new Set(       rows         .map((r) => String(r?.id ?? '').trim())         .filter((id) => id.length > 0 && isDeletedMineSync(id)),     ),"
"src\lib\chatSync\pull.ts","905","const serverIds = Array.from(new Set(rows.map((r) => String(r.id)).filter(Boolean)));","const clientMsgIds = Array.from(new Set(rows.map((r) => r.client_msg_id).filter((id): id is string => !!id)));      let existingMsgs: any[] = [];     if (serverIds.length && clientMsgIds.length) {       existingMsgs = await collection"
"src\lib\chatSync\pull.ts","906","const clientMsgIds = Array.from(new Set(rows.map((r) => r.client_msg_id).filter((id): id is string => !!id)));","let existingMsgs: any[] = [];     if (serverIds.length && clientMsgIds.length) {       existingMsgs = await collection         .query(Q.or(Q.where('id', Q.oneOf(serverIds)), Q.where('client_msg_id', Q.oneOf(clientMsgIds))))"
"src\lib\chatSync\pull.ts","1291","const updatedRoomIds = Array.from(","new Set(       rows         .map((row: any) => Number(row?.room_id ?? row?.roomId ?? 0))         .filter((id) => Number.isFinite(id) && id > 0),     ),"
"src\lib\chatSync\pull.ts","1410","return Array.from(new Set(values.map((v) => String(v ?? '').trim()).filter(Boolean)));","}  function uniqueNumbers(values: Array<number | null | undefined>): number[] {   return Array.from(     new Set("
"src\lib\chatSync\pull.ts","1414","return Array.from(","new Set(       values         .map((v) => Number(v ?? 0))         .filter((v) => Number.isFinite(v) && v > 0)         .map((v) => Math.trunc(v)),"
"src\lib\chatSync\pull.ts","1467","const { data, error } = await (supabase.from('chat_messages').select(SELECT_COLS) as any)",".eq('room_id', rid)       .in('message_uid', batch);     if (error) throw error;     addRows((data ?? []) as ChatMessageRow[]);   }"
"src\lib\chatSync\pull.ts","1475","const { data, error } = await (supabase.from('chat_messages').select(SELECT_COLS) as any)",".eq('room_id', rid)       .in('id', batch);     if (error) throw error;     addRows((data ?? []) as ChatMessageRow[]);   }"
"src\lib\chatSync\pull.ts","1483","const { data, error } = await (supabase.from('chat_messages').select(SELECT_COLS) as any)",".eq('room_id', rid)       .in('client_msg_id', batch);     if (error) throw error;     addRows((data ?? []) as ChatMessageRow[]);   }"
"src\lib\chatSync\pull.ts","1490","const rows = Array.from(byKey.values());","return attachMyDeletionsToRows(rows, rid); }  type ApplyChatMessageEventResult = { applied: number; matched: number; eventId: number; roomId: number }; const _messageEventApplyInflight = new Map<string, Promise<ApplyChatMessageEventResult>>();"
"src\lib\chatSync\pull.ts","1627",".from('chat_message_events')",".select(CHAT_MESSAGE_EVENT_SELECT_COLS)       .eq('room_id', rid)       .order('id', { ascending: true })       .limit(limit);"
"src\lib\chatSync\pull.ts","1628",".select(CHAT_MESSAGE_EVENT_SELECT_COLS)",".eq('room_id', rid)       .order('id', { ascending: true })       .limit(limit);      if (cursor > 0) {"
"src\lib\chatSync\pull.ts","1667","eventTypes: Array.from(new Set(effectiveRows.map((r: any) => String(r?.event_type ?? '').trim()).filter(Boolean))).slice(0, 8),","});      let applied = 0;     if (refs.length) {       const serverRows = await fetchAuthoritativeMessagesForEvents(rid, refs);"
"src\lib\chatSync\pull.ts","1709","return (supabase.from('chat_messages').select(SELECT_COLS) as any)",".eq('room_id', roomId)     // ✅ placeholder 정책: 만료 row도 내려받아야 함 (필터 금지)     .order('room_seq', { ascending: false, nullsFirst: false })     .order('created_at', { ascending: false }); }"
"src\lib\chatSync\pull.ts","1723","const res = await (supabase.rpc(fnName as any, args as any) as any);","if (res.error) {     devPullLog(`${logEvent}_ERROR`, {       ...(extraLog ?? {}),       code: (res.error as any)?.code ?? null,       message: String((res.error as any)?.message ?? res.error),"
"src\lib\chatSync\pull.ts","2231","const seqRes = await (supabase.from('chat_room_seq').select('next_seq') as any)",".eq('room_id', roomId)       .limit(1);      if (!seqRes.error) {       const nextSeq = Number(seqRes.data?.[0]?.next_seq ?? 0) || 0;"
"src\lib\chatSync\pull.ts","2254","const res = await (supabase.from('chat_messages').select('room_seq') as any)",".eq('room_id', roomId)       .order('room_seq', { ascending: false, nullsFirst: false })       .limit(1);      if (res.error) {"
"src\lib\chatSync\pull.ts","2291","const res = await (supabase.from('chat_messages').select(SELECT_COLS) as any)",".eq('room_id', roomId)       // ✅ placeholder 정책: delete_at 필터 금지       .gt('room_seq', seq)       .order('room_seq', { ascending: true, nullsFirst: false })       .limit(INITIAL_PULL_LIMIT);"
"src\lib\chatSync\pull.ts","2459","const { data, error } = await (supabase.from('chat_messages').select(SELECT_COLS) as any)",".eq('room_id', rid)     // Latest bounded repair must include expired/tombstone rows.     .order('room_seq', { ascending: false, nullsFirst: false })     .order('created_at', { ascending: false })     .limit(limit);"
"src\lib\chatSync\pullTranslations.ts","275","const { error } = await supabase.from('chat_messages').insert(payload);","if (error) {     // 서버 실패해도 로컬은 남겨두고(재전송/실패표시) UX 유지     console.warn('[sendRoomMessage] Supabase insert error:', error);   }"
"src\lib\chatSync\push.ts","125","const h = Array.from(rnd, (b) => b.toString(16).padStart(2, '0')).join('');","return `${h.slice(0, 8)}-${h.slice(8, 12)}-${h.slice(12, 16)}-${h.slice(16, 20)}-${h.slice(20)}`; }  function extractUrlsFromText(text: string): string[] {   const s = String(text ?? '');"
"src\lib\chatSync\push.ts","132","return Array.from(new Set((matches ?? []).map((v) => v.trim()).filter(Boolean)));","}  function buildSecurePlaceholder(kind: SendRoomMessageArgs['kind']): string {   switch (kind) {     case 'image': return '🔐 암호화된 이미지';"
"src\lib\chatSync\push.ts","921","const { error } = await supabase.rpc('mark_room_read_to_seq', {","p_room_id: roomId,       p_last_read_seq: seq,     });      if (error) {"
"src\lib\chatSync\push.ts","1050",".from('chat_rooms')",".select('id,type,subtype')       .eq('id', roomId)       .maybeSingle();     const t = String((roomRow as any)?.type ?? '').trim().toLowerCase();     const st = String((roomRow as any)?.subtype ?? '').trim().toLowerCase();"
"src\lib\chatSync\push.ts","1051",".select('id,type,subtype')",".eq('id', roomId)       .maybeSingle();     const t = String((roomRow as any)?.type ?? '').trim().toLowerCase();     const st = String((roomRow as any)?.subtype ?? '').trim().toLowerCase();     if (t === 'self' || st === 'self') return 'self';"
"src\lib\chatSync\push.ts","1065",".from('chat_members')",".select('user_id,active')         .eq('room_id', roomId)         .eq('active', true)         .limit(3);       if (!error && Array.isArray(members)) {"
"src\lib\chatSync\push.ts","1066",".select('user_id,active')",".eq('room_id', roomId)         .eq('active', true)         .limit(3);       if (!error && Array.isArray(members)) {         const activeIds = Array.from("
"src\lib\chatSync\push.ts","1071","const activeIds = Array.from(","new Set(             members               .map((row: any) => String(row?.user_id ?? '').trim())               .filter(Boolean),           ),"
"src\lib\chatSync\push.ts","1173","try { await supabase.from('chat_rooms').update(patch).eq('id', roomId); } catch {}","try {     await supabase       .from('chat_members')       .update({ ...patch, unread_count: 0 })       .eq('room_id', roomId)"
"src\lib\chatSync\push.ts","1176",".from('chat_members')",".update({ ...patch, unread_count: 0 })       .eq('room_id', roomId)       .eq('user_id', params.senderId);   } catch {} }"
"src\lib\chatSync\push.ts","1211","const { data, error } = await supabase.rpc('send_self_chat_message_v1', rpcArgs as any);","if (error || !data) throw error ?? new Error('send_self_chat_message_v1 returned empty data');    if (Array.isArray(data)) return data[0] ?? null;   return data; }"
"src\lib\chatSync\push.ts","1275","const { data, error } = await (supabase.from('chat_messages').insert(insertRow).select(SELF_SEND_SELECT_COLS) as any).single();","if (error || !data) throw error ?? new Error('self message insert failed');    await patchServerSelfRoomPreview({     roomId: params.roomId,     senderId: params.senderId,"
"src\lib\chatSync\push.ts","2540",".from('chat_message_deletions')",".upsert(ins, { onConflict: 'user_id,message_id' });   } catch {} }  export async function deleteMessagesMine(args: { roomId: number; messageIds: Array<number | string> }) {"
"src\lib\chatSync\roomSettings.ts","23",".from('chat_room_settings')",".select('room_id,user_id,auto_translate,show_translated_only,translation_tier,translation_tone,view_lang,preferred_lang,updated_at')     .eq('room_id', roomId)     .eq('user_id', userId)     .maybeSingle();"
"src\lib\chatSync\roomSettings.ts","24",".select('room_id,user_id,auto_translate,show_translated_only,translation_tier,translation_tone,view_lang,preferred_lang,updated_at')",".eq('room_id', roomId)     .eq('user_id', userId)     .maybeSingle();    if (error) throw error;"
"src\lib\chatSync\roomSettings.ts","42",".from('chat_room_settings')",".upsert(payload, { onConflict: 'room_id,user_id' });    if (error) throw error; }"
"src\lib\chatSync\roomSync.ts","112","const ids = Array.from(","new Set(       targetUserIds         .map((id) => String(id ?? '').trim())         .filter((id) => id && id !== ownerUserId),     ),"
"src\lib\chatSync\roomSync.ts","125",".from('friend_meta')",".select('friend_user_id,alias,is_friend')       .eq('owner_user_id', ownerUserId)       .in('friend_user_id', part)       .eq('is_friend', true);"
"src\lib\chatSync\roomSync.ts","126",".select('friend_user_id,alias,is_friend')",".eq('owner_user_id', ownerUserId)       .in('friend_user_id', part)       .eq('is_friend', true);      for (const row of ((data ?? []) as FriendMetaRow[])) {"
"src\lib\chatSync\roomSync.ts","148","const ids = Array.from(","new Set(       (roomIds ?? [])         .map((id) => Number(id))         .filter((id) => Number.isFinite(id) && id > 0)         .map((id) => Math.trunc(id)),"
"src\lib\chatSync\roomSync.ts","164",".from('chat_members')",".select('room_id,user_id,last_read_seq')       .in('room_id', part)       .eq('active', true)       .is('left_at', null);"
"src\lib\chatSync\roomSync.ts","165",".select('room_id,user_id,last_read_seq')",".in('room_id', part)       .eq('active', true)       .is('left_at', null);      if (!primary.error) {"
"src\lib\chatSync\roomSync.ts","176",".from('chat_members')",".select('room_id,user_id,last_read_room_seq')         .in('room_id', part)         .eq('active', true)         .is('left_at', null);"
"src\lib\chatSync\roomSync.ts","177",".select('room_id,user_id,last_read_room_seq')",".in('room_id', part)         .eq('active', true)         .is('left_at', null);        if (!fallback.error) data = (fallback.data as any[]) ?? [];"
"src\lib\chatSync\roomSync.ts","321","const ids = Array.from(","new Set(       roomIds         .map((id) => Number(id))         .filter((id) => Number.isFinite(id) && id > 0)         .map((id) => Math.trunc(id)),"
"src\lib\chatSync\roomSync.ts","336",".from('chat_messages')",".select('room_id,kind,is_notice')         .in('room_id', part)         .or('is_notice.is.null,is_notice.eq.false')         .neq('kind', 'notice');"
"src\lib\chatSync\roomSync.ts","337",".select('room_id,kind,is_notice')",".in('room_id', part)         .or('is_notice.is.null,is_notice.eq.false')         .neq('kind', 'notice');        for (const row of data ?? []) {"
"src\lib\chatSync\roomSync.ts","540",".from('profiles')",".select('user_id, nickname, avatar_url')       .eq('user_id', myId)       .maybeSingle();      myProfile = {"
"src\lib\chatSync\roomSync.ts","541",".select('user_id, nickname, avatar_url')",".eq('user_id', myId)       .maybeSingle();      myProfile = {       nickname: (data as any)?.nickname || '나',"
"src\lib\chatSync\roomSync.ts","569",".from('chat_members')",".select(       [         'room_id',         'user_id',         'visible',"
"src\lib\chatSync\roomSync.ts","570",".select(","[         'room_id',         'user_id',         'visible',         'unread_count',"
"src\lib\chatSync\roomSync.ts","647",".from('chat_members')",".select('room_id,user_id')         .in('room_id', ids)         .neq('user_id', myId);        if (data?.length) peerRows.push(...(data as any[]));"
"src\lib\chatSync\roomSync.ts","648",".select('room_id,user_id')",".in('room_id', ids)         .neq('user_id', myId);        if (data?.length) peerRows.push(...(data as any[]));       if (epoch !== syncEpoch) return;"
"src\lib\chatSync\roomSync.ts","662",".from('profiles')",".select('user_id,nickname,avatar_url,follow_id')           .in('user_id', ids);          (data ?? []).forEach((p: any) => {           const uid = String(p.user_id);"
"src\lib\chatSync\roomSync.ts","663",".select('user_id,nickname,avatar_url,follow_id')",".in('user_id', ids);          (data ?? []).forEach((p: any) => {           const uid = String(p.user_id);           if (!uid) return;"
"src\lib\chatSync\roomSync.ts","710",".from('chat_members')",".select('room_id,user_id,joined_at')         .in('room_id', ids)         .eq('active', true)         .is('left_at', null)         .neq('user_id', myId)"
"src\lib\chatSync\roomSync.ts","711",".select('room_id,user_id,joined_at')",".in('room_id', ids)         .eq('active', true)         .is('left_at', null)         .neq('user_id', myId)         .order('joined_at', { ascending: true });"
"src\lib\chatSync\roomSync.ts","728",".from('profiles')",".select('user_id,nickname,avatar_url,follow_id')           .in('user_id', ids);          (data ?? []).forEach((p: any) => {           const uid = String(p.user_id);"
"src\lib\chatSync\roomSync.ts","729",".select('user_id,nickname,avatar_url,follow_id')",".in('user_id', ids);          (data ?? []).forEach((p: any) => {           const uid = String(p.user_id);           if (!uid) return;"
"src\lib\chatSync\roomSync.ts","1049",".from('chat_members')",".select(         [           'room_id',           'visible',           'unread_count',"
"src\lib\chatSync\roomSync.ts","1050",".select(","[           'room_id',           'visible',           'unread_count',           'secure_attention_count',"
"src\lib\chatSync\syncEngine.ts","354","const ids = Array.from(new Set(rows.map((row) => String((row as any)?.id ?? '').trim()).filter(Boolean)));","if (!ids.length) return rows;      const unknownIds = ids.filter((id) => !deletedMineIds.has(id));     if (unknownIds.length) {       try {"
"src\lib\chatSync\syncEngine.ts","363",".from('chat_message_deletions')",".select('message_id')             .eq('room_id', roomId)             .eq('user_id', uid)             .in('message_id', unknownIds);"
"src\lib\chatSync\syncEngine.ts","364",".select('message_id')",".eq('room_id', roomId)             .eq('user_id', uid)             .in('message_id', unknownIds);            if (!error) {"
"src\lib\chatSync\syncEngine.ts","490","const entries = Array.from(metaPatchBuffer.entries()).slice(0, META_MAX_BATCH);","for (const [k] of entries) metaPatchBuffer.delete(k);        await database.write(async () => {         const col = database.get<Message>('messages');"
"src\lib\chatSync\syncEngine.ts","672","const roomIds = Array.from(new Set(patches.map((p) => String(p.room_id))));","const rooms = roomIds.length ? await roomCol.query(Q.where('id', Q.oneOf(roomIds))).fetch() : [];           const roomMap = new Map<string, any>(rooms.map((r: any) => [String(r.id), r]));            for (const patch of patches) {             const lpJson = patch.link_preview ?? null;"
"src\lib\chatSync\syncEngine.ts","798","const entries = Array.from(dedupBuffer.values());","dedupBuffer.clear();       if (!entries.length) return;        const slice = entries.slice(0, 20);       for (const it of slice) {"
"src\lib\chatSync\syncEngine.ts","1470","const entries = Array.from(dedupBuffer.values());","dedupBuffer.clear();     for (const it of entries.slice(0, 50)) {       try {         await cleanupClientMsgIdDup(roomId, it.clientMsgId, it.keepId);       } catch {}"
"src\lib\friends\groupSync.ts","27","const { data, error } = await supabase.rpc('list_friend_groups_v1');","if (error) throw error;   return mapServerGroupsToCache((data ?? []) as ServerGroupRecord[]); }  export async function syncGroupCache(options?: {"
"src\lib\notifications\notificationApi.ts","59",".from(USER_NOTIFICATION_SETTINGS_TABLE)",".select('in_app_enabled,in_app_preferences')     .eq('user_id', resolvedUserId)     .maybeSingle();    if (error) throw error;"
"src\lib\notifications\notificationApi.ts","60",".select('in_app_enabled,in_app_preferences')",".eq('user_id', resolvedUserId)     .maybeSingle();    if (error) throw error;"
"src\lib\notifications\notificationApi.ts","99",".from(IN_APP_NOTIFICATIONS_TABLE)",".select(NOTIFICATION_SELECT)       .eq('recipient_id', userId)       .order('updated_at', { ascending: false })       .range(from, to);"
"src\lib\notifications\notificationApi.ts","100",".select(NOTIFICATION_SELECT)",".eq('recipient_id', userId)       .order('updated_at', { ascending: false })       .range(from, to);      if (error) throw error;"
"src\lib\notifications\notificationApi.ts","132",".from(IN_APP_NOTIFICATIONS_TABLE)",".select('id', { count: 'exact', head: true })       .eq('recipient_id', userId)       .is('read_at', null);      if (error) throw error;"
"src\lib\notifications\notificationApi.ts","133",".select('id', { count: 'exact', head: true })",".eq('recipient_id', userId)       .is('read_at', null);      if (error) throw error;     return Number(count ?? 0);"
"src\lib\notifications\notificationApi.ts","148",".from(IN_APP_NOTIFICATIONS_TABLE)",".select('id,type')       .eq('recipient_id', userId)       .is('read_at', null)       .range(from, to);"
"src\lib\notifications\notificationApi.ts","149",".select('id,type')",".eq('recipient_id', userId)       .is('read_at', null)       .range(from, to);      if (error) throw error;"
"src\lib\notifications\notificationApi.ts","172","const { error } = await supabase.rpc('mark_in_app_notification_read_v1', {","p_notification_id: id,   });    if (error) {     const userId = await getCurrentUserIdForNotifications();"
"src\lib\notifications\notificationApi.ts","181",".from(IN_APP_NOTIFICATIONS_TABLE)",".update({ read_at: new Date().toISOString() })       .eq('id', id)       .eq('recipient_id', userId)       .is('read_at', null);"
"src\lib\notifications\notificationApi.ts","194","const { error } = await supabase.rpc('mark_all_in_app_notifications_read_v1');","if (error) {     const userId = await getCurrentUserIdForNotifications();     if (!userId) throw error;"
"src\lib\notifications\notificationApi.ts","201",".from(IN_APP_NOTIFICATIONS_TABLE)",".update({ read_at: new Date().toISOString() })       .eq('recipient_id', userId)       .is('read_at', null);      if (fallback.error) throw fallback.error;"
"src\lib\notifications\notificationApi.ts","216","const ids = Array.from(new Set(actorIds.map((id) => String(id ?? '').trim()).filter(Boolean)));","if (ids.length === 0) return {};    const result: FollowStateMap = {};   ids.forEach((id) => { result[id] = false; });"
"src\lib\notifications\notificationApi.ts","223",".from('profile_follows')",".select('following_id,status')     .eq('follower_id', userId)     .in('following_id', ids as any);    if (error) throw error;"
"src\lib\notifications\notificationApi.ts","224",".select('following_id,status')",".eq('follower_id', userId)     .in('following_id', ids as any);    if (error) throw error;"
"src\lib\notifications\notificationApi.ts","245",".from('profile_follows')",".upsert(       {         follower_id: userId,         following_id: targetId,         status: 'accepted',"
"src\lib\push\registerPushToken.ts","359","const { data, error } = await supabase.rpc('register_push_token', params);","if (error) {     console.warn('[push/register] register_push_token failed:', error, { reason });     return null;   }"
"src\lib\push\registerPushToken.ts","413","const { data, error } = await supabase.rpc('disable_push_token', {","p_token_uid: cached.tokenUid,     p_reason: reason,   });    if (error) {"
"src\lib\search\interpret.ts","28","return Array.from(map.values()).sort((x, y) => (y.score ?? 0) - (x.score ?? 0));","}  function matchIncludes(text: string, value: string | string[]): boolean {   const arr = Array.isArray(value) ? value : [value];   for (const v of arr) {"
"src\lib\search\interpret.ts","115","const intents = Array.from(new Set([...(base.intents ?? []), ...(ai.intents ?? [])]));","return {       raw,       normalized,       tags: merged,"
"src\lib\social\followSummary.ts","27",".from('profile_follows')",".select('id', { count: 'exact', head: true })       .eq('following_id', userId);      // 2) 팔로잉 수 (follower_id = me)     const followingPromise = supabase"
"src\lib\social\followSummary.ts","28",".select('id', { count: 'exact', head: true })",".eq('following_id', userId);      // 2) 팔로잉 수 (follower_id = me)     const followingPromise = supabase       .from('profile_follows')"
"src\lib\social\followSummary.ts","33",".from('profile_follows')",".select('id', { count: 'exact', head: true })       .eq('follower_id', userId);      // 3) 최근 24시간 새 팔로워     const newFollowersPromise = supabase"
"src\lib\social\followSummary.ts","34",".select('id', { count: 'exact', head: true })",".eq('follower_id', userId);      // 3) 최근 24시간 새 팔로워     const newFollowersPromise = supabase       .from('profile_follows')"
"src\lib\social\followSummary.ts","39",".from('profile_follows')",".select('id', { count: 'exact', head: true })       .eq('following_id', userId)       .gte('created_at', since24h);      // 4) 내가 보낸 친구 요청 (friendships.status = 'pending')"
"src\lib\social\followSummary.ts","40",".select('id', { count: 'exact', head: true })",".eq('following_id', userId)       .gte('created_at', since24h);      // 4) 내가 보낸 친구 요청 (friendships.status = 'pending')     //    ✅ 컬럼명: requester"
"src\lib\social\followSummary.ts","47",".from('friendships')",".select('id', { count: 'exact', head: true })       .eq('requester', userId)       .eq('status', 'pending');      // 5) 내가 받은 친구 요청"
"src\lib\social\followSummary.ts","48",".select('id', { count: 'exact', head: true })",".eq('requester', userId)       .eq('status', 'pending');      // 5) 내가 받은 친구 요청     //    ✅ 컬럼명: addressee"
"src\lib\social\followSummary.ts","55",".from('friendships')",".select('id', { count: 'exact', head: true })       .eq('addressee', userId)       .eq('status', 'pending');      const ["
"src\lib\social\followSummary.ts","56",".select('id', { count: 'exact', head: true })",".eq('addressee', userId)       .eq('status', 'pending');      const [       { count: followersCount, error: followersError },"
"src\lib\profileCache.ts","36",".from('profiles')",".select(`         user_id,         nickname,         avatar_url,         follow_id,"
"src\lib\profileCache.ts","37",".select(`","user_id,         nickname,         avatar_url,         follow_id,         preferred_lang,"
"src\lib\profileCache.ts","85",".from('profiles')",".select(`       user_id,       nickname,       avatar_url,       follow_id,"
"src\lib\profileCache.ts","86",".select(`","user_id,       nickname,       avatar_url,       follow_id,       preferred_lang,"
"src\lib\profileCache.ts","140",".from('profiles')",".update(patch)     .eq('user_id', userId)     .select(`       user_id,       nickname,"
"src\lib\profileCache.ts","143",".select(`","user_id,       nickname,       avatar_url,       follow_id,       preferred_lang,"
"src\screens\auth\Login.tsx","64",".from('profiles_private')",".upsert([{ user_id: uid }], { onConflict: 'user_id' });    if (error && (error as any).code !== '23505') {     console.warn('[Login] profiles_private ensure failed:', error);   }"
"src\screens\auth\Login.tsx","240",".from('profiles')",".select('terms_accepted, terms_accepted_at, phone_verified_at')         .eq('user_id', uid)         .maybeSingle();        if (profileError) throw profileError;"
"src\screens\auth\Login.tsx","241",".select('terms_accepted, terms_accepted_at, phone_verified_at')",".eq('user_id', uid)         .maybeSingle();        if (profileError) throw profileError;"
"src\screens\auth\PhoneVerification.tsx","306",".from('profiles')",".select('phone_verified_at, phone_country_code, phone_last4')           .eq('id', user.id)           .maybeSingle();          if (!alive) return;"
"src\screens\auth\PhoneVerification.tsx","307",".select('phone_verified_at, phone_country_code, phone_last4')",".eq('id', user.id)           .maybeSingle();          if (!alive) return;"
"src\screens\auth\ProfileSetup.tsx","87",".from('profile-images')",".upload(fileName, formData, {       cacheControl: '3600',       upsert: false,     });"
"src\screens\auth\ProfileSetup.tsx","96",".from('profile-images')",".getPublicUrl(fileName);    return data.publicUrl; }"
"src\screens\auth\ProfileSetup.tsx","104",".from('profiles')",".select('*')     .eq('id', userId)     .maybeSingle();    if (byId.error) throw byId.error;"
"src\screens\auth\ProfileSetup.tsx","105",".select('*')",".eq('id', userId)     .maybeSingle();    if (byId.error) throw byId.error;   if (byId.data) return byId.data;"
"src\screens\auth\ProfileSetup.tsx","113",".from('profiles')",".select('*')     .eq('user_id', userId)     .maybeSingle();    if (byUserId.error) return null;"
"src\screens\auth\ProfileSetup.tsx","114",".select('*')",".eq('user_id', userId)     .maybeSingle();    if (byUserId.error) return null;   return byUserId.data ?? null;"
"src\screens\auth\ProfileSetup.tsx","124",".from('profiles')",".update(patch)     .eq('id', userId)     .select('id')     .maybeSingle();"
"src\screens\auth\ProfileSetup.tsx","127",".select('id')",".maybeSingle();    if (byId.error) throw byId.error;   if (byId.data) return;"
"src\screens\auth\ProfileSetup.tsx","134",".from('profiles')",".update(patch)     .eq('user_id', userId)     .select('id')     .maybeSingle();"
"src\screens\auth\ProfileSetup.tsx","137",".select('id')",".maybeSingle();    if (!byUserId.error && byUserId.data) return;    const upsertWithUserId = await supabase"
"src\screens\auth\ProfileSetup.tsx","143",".from('profiles')",".upsert({ id: userId, user_id: userId, ...patch }, { onConflict: 'id' });    if (!upsertWithUserId.error) return;    const upsertById = await supabase"
"src\screens\auth\ProfileSetup.tsx","149",".from('profiles')",".upsert({ id: userId, ...patch }, { onConflict: 'id' });    if (upsertById.error) throw upsertById.error; }"
"src\screens\auth\ProfileSetup.tsx","156","const rpc = await supabase.rpc('check_profile_identifier_available', {","p_field: 'follow_id',     p_value: value,   });    if (!rpc.error) return !!rpc.data;"
"src\screens\auth\ProfileSetup.tsx","164",".from('profiles')",".select('id')     .eq('follow_id', value)     .limit(1)     .maybeSingle();"
"src\screens\auth\ProfileSetup.tsx","165",".select('id')",".eq('follow_id', value)     .limit(1)     .maybeSingle();    if (existing.error) throw rpc.error;"
"src\screens\auth\Signup.tsx","60",".from('profiles')",".select('id')         .ilike('handle', handle.trim())         .limit(1)         .maybeSingle();       if (h?.id) throw new Error(t('auth.handleTaken', '이미 사용 중인 핸들이에요.'));"
"src\screens\auth\Signup.tsx","61",".select('id')",".ilike('handle', handle.trim())         .limit(1)         .maybeSingle();       if (h?.id) throw new Error(t('auth.handleTaken', '이미 사용 중인 핸들이에요.'));     }"
"src\screens\auth\Signup.tsx","95",".from('profiles')",".upsert(               {                 id: data.session.user.id,                 email: email.trim(),                 nickname: nickname.trim() || null,"
"src\screens\beacons\Create.theme.ts","11","return Platform.select({","ios: {       shadowColor: '#000000',       shadowOffset: { width: 0, height: y },       shadowOpacity: opacity,       shadowRadius: radius,"
"src\screens\beacons\Create.theme.ts","31","const noShadow: ViewStyle = Platform.select({","ios: {     shadowColor: '#000000',     shadowOffset: { width: 0, height: 0 },     shadowOpacity: 0,     shadowRadius: 0,"
"src\screens\beacons\Create.tsx","599","const { data, error } = await supabase.from('user_labels').select('id,name').order('name', { ascending: true });","if (error) throw error;       setLabels((data ?? []) as LabelRow[]);     } catch (e: any) {       showCoonnAlert(t('beacons:create.alert.labelLoadFailTitle'), e?.message ?? t('beacons:create.alert.labelLoadFail'));     }"
"src\screens\beacons\Create.tsx","613",".from('friendships')",".select('requester,addressee,status')         .or(`requester.eq.${user.id},addressee.eq.${user.id}`)         .eq('status', 'accepted');       if (frErr) throw frErr;"
"src\screens\beacons\Create.tsx","614",".select('requester,addressee,status')",".or(`requester.eq.${user.id},addressee.eq.${user.id}`)         .eq('status', 'accepted');       if (frErr) throw frErr;        const ids = Array.from(new Set((frs ?? []).map((f: any) => (f.requester === user.id ? f.addressee : f.requester))));"
"src\screens\beacons\Create.tsx","619","const ids = Array.from(new Set((frs ?? []).map((f: any) => (f.requester === user.id ? f.addressee : f.requester))));","if (ids.length === 0) { setFriends([]); return; }        const { data: profs, error: pErr } = await supabase.from('profiles').select('id,nickname,avatar_url').in('id', ids);       if (pErr) throw pErr;"
"src\screens\beacons\Create.tsx","622","const { data: profs, error: pErr } = await supabase.from('profiles').select('id,nickname,avatar_url').in('id', ids);","if (pErr) throw pErr;        const rows = (profs ?? [])         .map((p: any) => ({ id: String(p.id), nickname: p.nickname || t('beacons:common.noName'), avatar_url: p.avatar_url ?? null }))         .sort((a: FriendRow, b: FriendRow) => a.nickname.localeCompare(b.nickname, 'ko'));"
"src\screens\beacons\Create.tsx","652",".from('profiles')",".select('birthdate')           .eq('user_id', userId)           .maybeSingle();          if (!primary.error && primary.data?.birthdate) {"
"src\screens\beacons\Create.tsx","653",".select('birthdate')",".eq('user_id', userId)           .maybeSingle();          if (!primary.error && primary.data?.birthdate) {           birthdate = primary.data.birthdate as string;"
"src\screens\beacons\Create.tsx","661",".from('profiles')",".select('birthdate')             .eq('id', userId)             .maybeSingle();            if (!fallback.error && fallback.data?.birthdate) {"
"src\screens\beacons\Create.tsx","662",".select('birthdate')",".eq('id', userId)             .maybeSingle();            if (!fallback.error && fallback.data?.birthdate) {             birthdate = fallback.data.birthdate as string;"
"src\screens\beacons\Create.tsx","771","const { data, error } = await supabase.rpc('create_beacon_v2', {","p_title: titleValue,         p_description: description.trim() || null,         p_visibility: visibility,         p_public_exclude_friends: visibility === 'public' ? publicExcludeFriends : false,         p_require_approval: requireApproval,"
"src\screens\beacons\Detail.tsx","242","const { data, error } = await supabase.rpc('get_beacon_detail_v2', {","p_beacon_id: beaconId,     });      if (error) throw error;"
"src\screens\beacons\Detail.tsx","260","const { data, error } = await supabase.rpc('list_beacon_join_requests_v2', {","p_beacon_id: row.beacon_id,     });      if (error) throw error;     setRequests(Array.isArray(data) ? (data as JoinRequestRow[]) : []);"
"src\screens\beacons\Detail.tsx","391","const { data, error } = await supabase.rpc('join_beacon_v2', {","p_beacon_id: detail.beacon_id,           });           if (error) throw error;           const row = pickSingleRow<{ action: string; room_id: number | null }>(data as any);           if (row?.room_id) {"
"src\screens\beacons\Detail.tsx","412","const { data, error } = await supabase.rpc('cancel_beacon_join_request_v2', {","p_beacon_id: detail.beacon_id,                   });                   if (error) throw error;                   if (data) {                     await reload('refresh');"
"src\screens\beacons\Detail.tsx","457","const { error } = await supabase.rpc('request_beacon_join_v2', {","p_beacon_id: detail.beacon_id,         p_message: requestMessage.trim() || null,       });       if (error) throw error;       setRequestModalOpen(false);"
"src\screens\beacons\Detail.tsx","477","const { error } = await supabase.rpc('approve_beacon_join_v2', {","p_request_id: requestId,       });       if (error) throw error;       await reload('refresh');     } catch (e: any) {"
"src\screens\beacons\Detail.tsx","492","const { error } = await supabase.rpc('reject_beacon_join_v2', {","p_request_id: requestId,         p_reason: null,       });       if (error) throw error;       await reload('refresh');"
"src\screens\beacons\Detail.tsx","515","const { error } = await supabase.rpc('close_beacon_v2', {","p_beacon_id: detail.beacon_id,               p_reason: 'host_closed',             });             if (error) throw error;             Alert.alert(t('beacons:detail.alert.closeDoneTitle'), t('beacons:detail.alert.closeDoneDesc'), ["
"src\screens\beacons\Edit.tsx","663",".from('beacons')",".select('*')         .eq('id', beaconId)         .maybeSingle();        if (error) throw error;"
"src\screens\beacons\Edit.tsx","664",".select('*')",".eq('id', beaconId)         .maybeSingle();        if (error) throw error;       const raw = asRecord(data);"
"src\screens\beacons\Edit.tsx","676",".from('beacon_audience_targets')",".select('audience_kind,target_user_id,label_id')         .eq('beacon_id', beaconId);        if (aud.error) throw aud.error;"
"src\screens\beacons\Edit.tsx","677",".select('audience_kind,target_user_id,label_id')",".eq('beacon_id', beaconId);        if (aud.error) throw aud.error;        const audienceRows = (aud.data ?? []) as AudienceRow[];"
"src\screens\beacons\Edit.tsx","767","const { data, error } = await supabase.from('user_labels').select('id,name').order('name', { ascending: true });","if (error) throw error;       setLabels((data ?? []) as LabelRow[]);     } catch (e: any) {       showToast(e?.message ?? t('beacons:create.alert.labelLoadFail'), 'error');     }"
"src\screens\beacons\Edit.tsx","781",".from('friendships')",".select('requester,addressee,status')         .or(`requester.eq.${user.id},addressee.eq.${user.id}`)         .eq('status', 'accepted');       if (frErr) throw frErr;"
"src\screens\beacons\Edit.tsx","782",".select('requester,addressee,status')",".or(`requester.eq.${user.id},addressee.eq.${user.id}`)         .eq('status', 'accepted');       if (frErr) throw frErr;        const ids = Array.from(new Set((frs ?? []).map((f: any) => (f.requester === user.id ? f.addressee : f.requester))));"
"src\screens\beacons\Edit.tsx","787","const ids = Array.from(new Set((frs ?? []).map((f: any) => (f.requester === user.id ? f.addressee : f.requester))));","if (ids.length === 0) { setFriends([]); return; }        const { data: profs, error: pErr } = await supabase.from('profiles').select('id,nickname,avatar_url').in('id', ids);       if (pErr) throw pErr;"
"src\screens\beacons\Edit.tsx","790","const { data: profs, error: pErr } = await supabase.from('profiles').select('id,nickname,avatar_url').in('id', ids);","if (pErr) throw pErr;        const rows = (profs ?? [])         .map((p: any) => ({ id: String(p.id), nickname: p.nickname || t('beacons:common.noName'), avatar_url: p.avatar_url ?? null }))         .sort((a: FriendRow, b: FriendRow) => a.nickname.localeCompare(b.nickname, 'ko'));"
"src\screens\beacons\Edit.tsx","820",".from('profiles')",".select('birthdate')           .eq('user_id', userId)           .maybeSingle();          if (!primary.error && primary.data?.birthdate) {"
"src\screens\beacons\Edit.tsx","821",".select('birthdate')",".eq('user_id', userId)           .maybeSingle();          if (!primary.error && primary.data?.birthdate) {           birthdate = primary.data.birthdate as string;"
"src\screens\beacons\Edit.tsx","829",".from('profiles')",".select('birthdate')             .eq('id', userId)             .maybeSingle();            if (!fallback.error && fallback.data?.birthdate) {"
"src\screens\beacons\Edit.tsx","830",".select('birthdate')",".eq('id', userId)             .maybeSingle();            if (!fallback.error && fallback.data?.birthdate) {             birthdate = fallback.data.birthdate as string;"
"src\screens\beacons\Edit.tsx","893","const { error } = await supabase.rpc('move_beacon_to_here_v2', {","p_beacon_id: beaconId,         p_lat: lat,         p_lng: lng,       });"
"src\screens\beacons\Edit.tsx","946","const { error } = await supabase.rpc('update_beacon_v2', {","p_beacon_id: beaconId,         p_title: titleValue,         p_description: description.trim() || null,         p_visibility: visibility,         p_public_exclude_friends: visibility === 'public' ? publicExcludeFriends : false,"
"src\screens\beacons\Edit.tsx","984","const extraRes = await supabase.from('beacons').update(extraPatch).eq('id', beaconId);","if (extraRes.error) throw extraRes.error;         }       }        if (mountedRef.current) setLoading(false);"
"src\screens\beacons\Members.tsx","148",".from('chat_rooms')",".select('beacon_id,type')         .eq('id', routeRoomId)         .maybeSingle();        if (error) throw error;"
"src\screens\beacons\Members.tsx","149",".select('beacon_id,type')",".eq('id', routeRoomId)         .maybeSingle();        if (error) throw error;       if (!data?.beacon_id || data?.type !== 'beacon') {"
"src\screens\beacons\Members.tsx","164","const { data, error } = await supabase.rpc('get_beacon_detail_v2', {","p_beacon_id: beaconId,     });      if (error) throw error;     const row = Array.isArray(data) ? data[0] : data;"
"src\screens\beacons\Members.tsx","178",".from('chat_members')",".select('room_id,user_id,role,active,left_at,joined_at')       .eq('room_id', targetRoomId)       .eq('active', true)       .is('left_at', null);"
"src\screens\beacons\Members.tsx","179",".select('room_id,user_id,role,active,left_at,joined_at')",".eq('room_id', targetRoomId)       .eq('active', true)       .is('left_at', null);      if (base.error) throw base.error;"
"src\screens\beacons\Members.tsx","192",".from('profiles')",".select('user_id,nickname,avatar_url,status_message,temp')         .in('user_id', ids);        if (!prof.error) {         profileMap = (prof.data ?? []).reduce((acc, cur: any) => {"
"src\screens\beacons\Members.tsx","193",".select('user_id,nickname,avatar_url,status_message,temp')",".in('user_id', ids);        if (!prof.error) {         profileMap = (prof.data ?? []).reduce((acc, cur: any) => {           acc[cur.user_id] = {"
"src\screens\beacons\Members.tsx","233","const { data, error } = await supabase.rpc('list_beacon_join_requests_v2', {","p_beacon_id: beaconId,     });      if (error) throw error;     return (data ?? []) as RequestRow[];"
"src\screens\beacons\Members.tsx","350","const { data, error } = await supabase.rpc('kick_beacon_member_v2', {","p_beacon_id: resolvedBeaconId,                 p_user_id: member.user_id,                 p_reason: 'host_kicked',               });               if (error) throw error;"
"src\screens\beacons\Members.tsx","383","const { error } = await supabase.rpc('block_beacon_user_v2', {","p_beacon_id: resolvedBeaconId,                 p_user_id: member.user_id,                 p_reason: 'host_blocked',               });               if (error) throw error;"
"src\screens\beacons\Members.tsx","409","const { error } = await supabase.rpc('approve_beacon_join_v2', {","p_request_id: req.request_id,               });               if (error) throw error;               await loadAll({ silent: true });             } catch (e: any) {"
"src\screens\beacons\Members.tsx","434","const { error } = await supabase.rpc('reject_beacon_join_v2', {","p_request_id: req.request_id,                 p_reason: 'host_rejected',               });               if (error) throw error;               await loadAll({ silent: true });"
"src\screens\beacons\MyRooms.tsx","158",".from('dm_threads')",".select('id,title,last_msg,updated_at,unread,avatar_url')         .order('updated_at', { ascending: false })         .limit(200);       if (error) throw error;       setDms((data ?? []) as ThreadRow[]);"
"src\screens\beacons\MyRooms.tsx","159",".select('id,title,last_msg,updated_at,unread,avatar_url')",".order('updated_at', { ascending: false })         .limit(200);       if (error) throw error;       setDms((data ?? []) as ThreadRow[]);     } catch {"
"src\screens\beacons\MyRooms.tsx","172",".from('group_threads')",".select('id,title,last_msg,updated_at,unread,avatar_url')         .order('updated_at', { ascending: false })         .limit(200);       if (error) throw error;       setGroups((data ?? []) as ThreadRow[]);"
"src\screens\beacons\MyRooms.tsx","173",".select('id,title,last_msg,updated_at,unread,avatar_url')",".order('updated_at', { ascending: false })         .limit(200);       if (error) throw error;       setGroups((data ?? []) as ThreadRow[]);     } catch {"
"src\screens\beacons\MyRooms.tsx","186",".from('open_chat_rooms')",".select('id,title,last_msg,updated_at,unread,avatar_url')         .order('updated_at', { ascending: false })         .limit(200);       if (error) throw error;       setOpens((data ?? []) as ThreadRow[]);"
"src\screens\beacons\MyRooms.tsx","187",".select('id,title,last_msg,updated_at,unread,avatar_url')",".order('updated_at', { ascending: false })         .limit(200);       if (error) throw error;       setOpens((data ?? []) as ThreadRow[]);     } catch {"
"src\screens\beacons\MyRooms.tsx","205",".from('beacons')",".select('id,host_id,title,description,visibility,require_approval,active,expires_at,updated_at,created_at')       .eq('host_id', userId)       .eq('active', true)       .gt('expires_at', nowIso)       .order('updated_at', { ascending: false });"
"src\screens\beacons\MyRooms.tsx","206",".select('id,host_id,title,description,visibility,require_approval,active,expires_at,updated_at,created_at')",".eq('host_id', userId)       .eq('active', true)       .gt('expires_at', nowIso)       .order('updated_at', { ascending: false });     if (mineErr) throw mineErr;"
"src\screens\beacons\MyRooms.tsx","215",".from('chat_members')",".select('room_id')       .eq('user_id', userId)       .eq('active', true)       .is('left_at', null);     if (memberErr) throw memberErr;"
"src\screens\beacons\MyRooms.tsx","216",".select('room_id')",".eq('user_id', userId)       .eq('active', true)       .is('left_at', null);     if (memberErr) throw memberErr;"
"src\screens\beacons\MyRooms.tsx","222","const memberRoomIds = Array.from(","new Set((myRooms ?? []).map((r: any) => Number(r.room_id)).filter(Boolean))     );      let memberBeaconIds: number[] = [];     if (memberRoomIds.length > 0) {"
"src\screens\beacons\MyRooms.tsx","229",".from('chat_rooms')",".select('id,beacon_id,type')         .in('id', memberRoomIds)         .eq('type', 'beacon');       if (roomsErr) throw roomsErr;       memberBeaconIds = Array.from("
"src\screens\beacons\MyRooms.tsx","230",".select('id,beacon_id,type')",".in('id', memberRoomIds)         .eq('type', 'beacon');       if (roomsErr) throw roomsErr;       memberBeaconIds = Array.from(         new Set((roomsData ?? []).map((r: any) => Number(r.beacon_id)).filter(Boolean))"
"src\screens\beacons\MyRooms.tsx","234","memberBeaconIds = Array.from(","new Set((roomsData ?? []).map((r: any) => Number(r.beacon_id)).filter(Boolean))       );     }      let memberBeacons: BeaconRow[] = [];"
"src\screens\beacons\MyRooms.tsx","242",".from('beacons')",".select('id,host_id,title,description,visibility,require_approval,active,expires_at,updated_at,created_at')         .in('id', memberBeaconIds)         .eq('active', true)         .gt('expires_at', nowIso);       if (error) throw error;"
"src\screens\beacons\MyRooms.tsx","243",".select('id,host_id,title,description,visibility,require_approval,active,expires_at,updated_at,created_at')",".in('id', memberBeaconIds)         .eq('active', true)         .gt('expires_at', nowIso);       if (error) throw error;       memberBeacons = ((data ?? []) as BeaconRow[]).filter((b) => b.host_id !== userId);"
"src\screens\beacons\MyRooms.tsx","252",".from('beacon_join_requests')",".select('beacon_id,created_at')       .eq('requester_id', userId)       .eq('status', 'pending')       .order('created_at', { ascending: false });     if (reqErr) throw reqErr;"
"src\screens\beacons\MyRooms.tsx","253",".select('beacon_id,created_at')",".eq('requester_id', userId)       .eq('status', 'pending')       .order('created_at', { ascending: false });     if (reqErr) throw reqErr;"
"src\screens\beacons\MyRooms.tsx","259","const pendingBeaconIds = Array.from(","new Set((pendingReqs ?? []).map((r: any) => Number(r.beacon_id)).filter(Boolean))     );      let pendingBeacons: BeaconRow[] = [];     if (pendingBeaconIds.length > 0) {"
"src\screens\beacons\MyRooms.tsx","266",".from('beacons')",".select('id,host_id,title,description,visibility,require_approval,active,expires_at,updated_at,created_at')         .in('id', pendingBeaconIds)         .eq('active', true)         .gt('expires_at', nowIso);       if (error) throw error;"
"src\screens\beacons\MyRooms.tsx","267",".select('id,host_id,title,description,visibility,require_approval,active,expires_at,updated_at,created_at')",".in('id', pendingBeaconIds)         .eq('active', true)         .gt('expires_at', nowIso);       if (error) throw error;       pendingBeacons = ((data ?? []) as BeaconRow[]).filter((b) => b.host_id !== userId);"
"src\screens\beacons\MyRooms.tsx","275","const hostIds = Array.from(","new Set([         ...mine.map((b) => b.host_id),         ...memberBeacons.map((b) => b.host_id),         ...pendingBeacons.map((b) => b.host_id),       ])"
"src\screens\beacons\MyRooms.tsx","287",".from('profiles')",".select('user_id,id,nickname,avatar_url')         .or(orFilter);        for (const p of (profileData ?? []) as ProfileRow[]) {         const key = (p.user_id || p.id || '').trim();"
"src\screens\beacons\MyRooms.tsx","288",".select('user_id,id,nickname,avatar_url')",".or(orFilter);        for (const p of (profileData ?? []) as ProfileRow[]) {         const key = (p.user_id || p.id || '').trim();         if (!key) continue;"
"src\screens\beacons\MyRooms.tsx","344","const merged = Array.from(rowsById.values()).sort((a, b) => {","const ta = a.updated_at ? new Date(a.updated_at).getTime() : 0;       const tb = b.updated_at ? new Date(b.updated_at).getTime() : 0;       return tb - ta;     });"
"src\screens\business\components\FeedTab.tsx","129","Array.from(","new Set(       (reviews ?? [])         .map((item: any) => normalizeId(resolveBusinessFeedPost(item)?.user_id))         .filter(Boolean),     ),"
"src\screens\business\components\FeedTab.tsx","275",".from(""profiles"")",".select(""user_id,id,nickname,avatar_url,follow_id"")         .in(""user_id"", authorIds);        ((profiles ?? []) as AuthorProfileRow[]).forEach((profile) => {         const key = normalizeId(profile.user_id ?? profile.id);"
"src\screens\business\components\FeedTab.tsx","276",".select(""user_id,id,nickname,avatar_url,follow_id"")",".in(""user_id"", authorIds);        ((profiles ?? []) as AuthorProfileRow[]).forEach((profile) => {         const key = normalizeId(profile.user_id ?? profile.id);         if (key) profileMap.set(key, profile);"
"src\screens\business\components\FeedTab.tsx","288",".from(""friend_meta"")",".select(""friend_user_id,alias,is_friend"")             .eq(""owner_user_id"", viewerId)             .in(""friend_user_id"", friendAuthorIds)             .eq(""is_friend"", true);"
"src\screens\business\components\FeedTab.tsx","289",".select(""friend_user_id,alias,is_friend"")",".eq(""owner_user_id"", viewerId)             .in(""friend_user_id"", friendAuthorIds)             .eq(""is_friend"", true);            ((friendMeta ?? []) as FriendMetaRow[]).forEach((row) => {"
"src\screens\business\hooks\useBusinessEvents.ts","54",".from('business_events')",".select('*')         .eq('business_id', businessId)         .order('starts_at', { ascending: false });        if (error) throw error;"
"src\screens\business\hooks\useBusinessEvents.ts","55",".select('*')",".eq('business_id', businessId)         .order('starts_at', { ascending: false });        if (error) throw error;       setEvents(data as BusinessEvent[]);"
"src\screens\business\hooks\useBusinessEvents.ts","98",".from('business_events')",".update(payload)           .eq('id', editingId)           .select()           .single();         if (error) throw error;"
"src\screens\business\hooks\useBusinessEvents.ts","101",".select()",".single();         if (error) throw error;          setEvents(prev => prev.map(e => e.id === editingId ? (data as BusinessEvent) : e));         showFeedbackToast(t('business:events.updateDone'), 'success', true);"
"src\screens\business\hooks\useBusinessEvents.ts","109",".from('business_events')",".insert(payload)           .select()           .single();         if (error) throw error;"
"src\screens\business\hooks\useBusinessEvents.ts","111",".select()",".single();         if (error) throw error;          setEvents(prev => [data as BusinessEvent, ...prev]);         showFeedbackToast(t('business:events.createDone'), 'success', true);"
"src\screens\business\hooks\useBusinessEvents.ts","138",".from('business_events')",".delete()             .eq('id', eventId);           if (error) throw error;            setEvents(prev => prev.filter(e => e.id !== eventId));"
"src\screens\business\hooks\useBusinessInfo.ts","145",".from('businesses')",".select('*')           .eq('id', businessId)           .single();          if (error) throw error;"
"src\screens\business\hooks\useBusinessInfo.ts","146",".select('*')",".eq('id', businessId)           .single();          if (error) throw error;"
"src\screens\business\hooks\useBusinessInfo.ts","268","ai_category_top3: Array.from(new Set([info.category, ...info.ai_category_top3])).slice(0, 3),","};        let result;       if (businessId) {         const { data, error } = await supabase"
"src\screens\business\hooks\useBusinessInfo.ts","274",".from('businesses')",".update(payload)           .eq('id', businessId)           .select()           .single();         if (error) throw error;"
"src\screens\business\hooks\useBusinessInfo.ts","277",".select()",".single();         if (error) throw error;         result = data;       } else {         const { data, error } = await supabase"
"src\screens\business\hooks\useBusinessInfo.ts","283",".from('businesses')",".insert(payload)           .select()           .single();         if (error) throw error;         result = data;"
"src\screens\business\hooks\useBusinessInfo.ts","285",".select()",".single();         if (error) throw error;         result = data;       }"
"src\screens\business\hooks\useBusinessMenu.ts","60",".from('business_menus')",".select('*')           .eq('business_id', businessId)           .order('sort_order', { ascending: true })           .order('created_at', { ascending: true }),         supabase"
"src\screens\business\hooks\useBusinessMenu.ts","61",".select('*')",".eq('business_id', businessId)           .order('sort_order', { ascending: true })           .order('created_at', { ascending: true }),         supabase           .from('business_menu_items')"
"src\screens\business\hooks\useBusinessMenu.ts","66",".from('business_menu_items')",".select('*')           .eq('business_id', businessId)           .order('sort_order', { ascending: true })           .order('created_at', { ascending: true }),       ]);"
"src\screens\business\hooks\useBusinessMenu.ts","67",".select('*')",".eq('business_id', businessId)           .order('sort_order', { ascending: true })           .order('created_at', { ascending: true }),       ]);"
"src\screens\business\hooks\useBusinessMenu.ts","108","return [allMenuLabel, ...Array.from(set)];","}, [menus, allMenuLabel]);    const filteredMenus = useMemo(() => {     if (activeMenuCategory === allMenuLabel) return menus;     return menus.filter((m) => (m.category || '') === activeMenuCategory);"
"src\screens\business\hooks\useBusinessMenu.ts","128",".from('business_menus')",".insert({           business_id: businessId,           name: newMenuTitle.trim(),           category: newMenuCategory.trim() || null,           sort_order: lastOrder + 1,"
"src\screens\business\hooks\useBusinessMenu.ts","135",".select()",".single();        if (error) throw error;        setMenus(prev => [...prev, data as BusinessMenu]);"
"src\screens\business\hooks\useBusinessMenu.ts","155",".from('business_menus')",".update({           name: name.trim(),           category: category.trim() || null,         })         .eq('id', menuId)"
"src\screens\business\hooks\useBusinessMenu.ts","161",".select()",".single();        if (error) throw error;        setMenus(prev => prev.map(m => m.id === menuId ? (data as BusinessMenu) : m));"
"src\screens\business\hooks\useBusinessMenu.ts","185","await supabase.from('business_menu_items').delete().eq('menu_id', menuId);","const { error } = await supabase.from('business_menus').delete().eq('id', menuId);           if (error) throw error;            setMenus(prev => prev.filter(m => m.id !== menuId));           setItems(prev => prev.filter(i => i.menu_id !== menuId));"
"src\screens\business\hooks\useBusinessMenu.ts","186","const { error } = await supabase.from('business_menus').delete().eq('id', menuId);","if (error) throw error;            setMenus(prev => prev.filter(m => m.id !== menuId));           setItems(prev => prev.filter(i => i.menu_id !== menuId));         } catch (e) {"
"src\screens\business\hooks\useBusinessMenu.ts","210",".from('business_menu_items')",".update(payload)           .eq('id', itemId)           .select()           .single();         if (error) throw error;"
"src\screens\business\hooks\useBusinessMenu.ts","213",".select()",".single();         if (error) throw error;         result = data as BusinessMenuItem;          setItems(prev => prev.map(it => it.id === itemId ? result : it));"
"src\screens\business\hooks\useBusinessMenu.ts","226",".from('business_menu_items')",".insert({             ...payload,             business_id: businessId,             sort_order: lastOrder + 1,           })"
"src\screens\business\hooks\useBusinessMenu.ts","232",".select()",".single();         if (error) throw error;         result = data as BusinessMenuItem;          setItems(prev => [...prev, result]);"
"src\screens\business\hooks\useBusinessMenu.ts","256",".from('business_menu_items')",".delete()             .eq('id', itemId);           if (error) throw error;           setItems(prev => prev.filter(it => it.id !== itemId));         } catch (e) {"
"src\screens\business\hooks\useBusinessNotices.ts","54",".from('business_notices')",".select('*')         .eq('business_id', businessId)         .order('created_at', { ascending: false });        if (error) throw error;"
"src\screens\business\hooks\useBusinessNotices.ts","55",".select('*')",".eq('business_id', businessId)         .order('created_at', { ascending: false });        if (error) throw error;       setNotices(data as BusinessNotice[]);"
"src\screens\business\hooks\useBusinessNotices.ts","98",".from('business_notices')",".update(payload)           .eq('id', editingId)           .select()           .single();         if (error) throw error;"
"src\screens\business\hooks\useBusinessNotices.ts","101",".select()",".single();         if (error) throw error;          setNotices(prev => prev.map(n => n.id === editingId ? (data as BusinessNotice) : n));         showFeedbackToast(t('business:notices.updateDone'), 'success', true);"
"src\screens\business\hooks\useBusinessNotices.ts","109",".from('business_notices')",".insert(payload)           .select()           .single();         if (error) throw error;"
"src\screens\business\hooks\useBusinessNotices.ts","111",".select()",".single();         if (error) throw error;          setNotices(prev => [data as BusinessNotice, ...prev]);         showFeedbackToast(t('business:notices.createDone'), 'success', true);"
"src\screens\business\hooks\useBusinessNotices.ts","138",".from('business_notices')",".delete()             .eq('id', noticeId);           if (error) throw error;            setNotices(prev => prev.filter(n => n.id !== noticeId));"
"src\screens\business\hooks\useBusinessPhotos.ts","52",".from('business_photos')",".select('*')         .eq('business_id', businessId)         .order('created_at', { ascending: false });        if (error) throw error;"
"src\screens\business\hooks\useBusinessPhotos.ts","53",".select('*')",".eq('business_id', businessId)         .order('created_at', { ascending: false });        if (error) throw error;       setPhotos(data as BusinessPhoto[]);"
"src\screens\business\hooks\useBusinessPhotos.ts","94",".from('business_photos')",".update(payload)           .eq('id', editingId)           .select()           .single();         if (error) throw error;"
"src\screens\business\hooks\useBusinessPhotos.ts","97",".select()",".single();         if (error) throw error;          setPhotos(prev => prev.map(p => p.id === editingId ? (data as BusinessPhoto) : p));         showFeedbackToast(t('business:photos.updateDone'), 'success', true);"
"src\screens\business\hooks\useBusinessPhotos.ts","105",".from('business_photos')",".insert(payload)           .select()           .single();         if (error) throw error;"
"src\screens\business\hooks\useBusinessPhotos.ts","107",".select()",".single();         if (error) throw error;          setPhotos(prev => [data as BusinessPhoto, ...prev]);         showFeedbackToast(t('business:photos.createDone'), 'success', true);"
"src\screens\business\hooks\useBusinessPhotos.ts","134",".from('business_photos')",".delete()             .eq('id', photoId);           if (error) throw error;                      setPhotos(prev => prev.filter(p => p.id !== photoId));"
"src\screens\business\hooks\useBusinessReviews.ts","20",".from('business_post_tags')",".select(`           post_id,           created_at,           post:posts (             id,"
"src\screens\business\hooks\useBusinessReviews.ts","21",".select(`","post_id,           created_at,           post:posts (             id,             caption,"
"src\screens\business\BusinessEvents.tsx","201","return Array.from(set).slice(0, 3);","}  function categoryLabel(raw: string | null | undefined, t?: any) {   const key = String(raw ?? '').toLowerCase().trim();   if (!key) return t ? t('business:eventFeed.category.default') : '';"
"src\screens\business\BusinessEvents.tsx","513","const url = Platform.select({","ios: hasCoord         ? `http://maps.apple.com/?ll=${item.businessLat},${item.businessLng}&q=${label}`         : `http://maps.apple.com/?q=${encodedQuery}`,       android: hasCoord         ? `geo:${item.businessLat},${item.businessLng}?q=${item.businessLat},${item.businessLng}(${label})`"
"src\screens\business\BusinessEvents.tsx","771",".from('profiles')",".select('neighborhood_radius_m')         .eq('user_id', user.id)         .maybeSingle();        if (error) return DEFAULT_EVENT_RADIUS_M;"
"src\screens\business\BusinessEvents.tsx","772",".select('neighborhood_radius_m')",".eq('user_id', user.id)         .maybeSingle();        if (error) return DEFAULT_EVENT_RADIUS_M;       return normalizeRadiusM((data as any)?.neighborhood_radius_m);"
"src\screens\business\BusinessEvents.tsx","817",".from('businesses')",".select(extendedSelect)       .in('id', businessIds);      if (response.error) {       response = await supabase"
"src\screens\business\BusinessEvents.tsx","818",".select(extendedSelect)",".in('id', businessIds);      if (response.error) {       response = await supabase         .from('businesses')"
"src\screens\business\BusinessEvents.tsx","823",".from('businesses')",".select(minimalSelect)         .in('id', businessIds);     }      if (response.error) throw response.error;"
"src\screens\business\BusinessEvents.tsx","824",".select(minimalSelect)",".in('id', businessIds);     }      if (response.error) throw response.error;"
"src\screens\business\BusinessEvents.tsx","851",".from('business_events_state_view')",".select(`           id,           business_id,           title,           subtitle,"
"src\screens\business\BusinessEvents.tsx","852",".select(`","id,           business_id,           title,           subtitle,           body,"
"src\screens\business\BusinessEvents.tsx","893","const ids = Array.from(new Set(eventRows.map((event) => event.business_id).filter(Boolean)));","const businesses = await fetchBusinessRows(ids);        setEvents(eventRows);       setBusinessMap(businesses);     } catch (error: any) {"
"src\screens\business\BusinessManager.tsx","409","() => Array.from(","new Set(         (reviewsState.reviews ?? [])           .map((review: any) => String(review?.post_id ?? review?.post?.id ?? ''))           .filter(Boolean),       ),"
"src\screens\business\BusinessOwner.theme.ts","9","return (Platform.select({","ios: {       shadowColor: '#000000',       shadowOffset: { width: 0, height: 1 },       shadowOpacity: 0.045,       shadowRadius: 3,"
"src\screens\business\BusinessRegister.tsx","183","const { error } = await supabase.storage.from('business_licenses').upload(filePath, blob, {","upsert: true,         contentType: asset.mimeType ?? 'image/jpeg',       });        if (error) throw error;"
"src\screens\business\BusinessRegister.tsx","213","const { error } = await supabase.from('business_registrations').insert({","user_id: meId,         license_path: licenseStoragePath,         license_num: licenseNum.trim(),         store_name: storeName.trim(),         owner_name: ownerName.trim(),"
"src\screens\business\BusinessUnregister.tsx","119","const { data } = await supabase.from('profiles').select('is_business').eq('id', user.id).maybeSingle();","setIsBusiness(data?.is_business ?? false);     } catch (e: any) {       showUnregisterToast(e?.message ?? t('business:unregister.loadFail'), 'danger');     } finally {       setLoading(false);"
"src\screens\business\BusinessUnregister.tsx","135","const { error } = await supabase.from('profiles').update({ is_business: false }).eq('id', meId);","if (error) throw error;        setIsBusiness(false);       showUnregisterAlert({         title: t('business:unregister.successTitle'),"
"src\screens\business\Create.tsx","745","const unique = Array.from(new Set(urls));","const main = heroImageUrl || unique[0] || null;     const subs = unique.filter((u) => u !== main).slice(0, 4);     return { main, subs, total: unique.length };   }, [photos, heroImageUrl]);"
"src\screens\business\Create.tsx","774","return [allMenuCategory, ...Array.from(set)];","}, [menus, allMenuCategory]);    const filteredMenus = useMemo(() => {     if (activeMenuCategory === allMenuCategory) return menus;     return menus.filter("
"src\screens\business\Create.tsx","881",".from('businesses')",".select('*')           .eq('owner_id', userData.user.id)           .maybeSingle();          if (!biz) {"
"src\screens\business\Create.tsx","882",".select('*')",".eq('owner_id', userData.user.id)           .maybeSingle();          if (!biz) {           setBusiness(null);"
"src\screens\business\Create.tsx","902",".from('businesses')",".select('*')           .eq('id', businessId)           .maybeSingle();         setBusiness(biz as BusinessRow);       }"
"src\screens\business\Create.tsx","903",".select('*')",".eq('id', businessId)           .maybeSingle();         setBusiness(biz as BusinessRow);       }"
"src\screens\business\Create.tsx","923",".from('business_photos')",".select('*')               .eq('business_id', businessId)               .order('created_at', { ascending: false }),             supabase               .from('business_events')"
"src\screens\business\Create.tsx","924",".select('*')",".eq('business_id', businessId)               .order('created_at', { ascending: false }),             supabase               .from('business_events')               .select('*')"
"src\screens\business\Create.tsx","928",".from('business_events')",".select('*')               .eq('business_id', businessId)               .order('start_at', { ascending: false }),             supabase               .from('business_notices')"
"src\screens\business\Create.tsx","929",".select('*')",".eq('business_id', businessId)               .order('start_at', { ascending: false }),             supabase               .from('business_notices')               .select('*')"
"src\screens\business\Create.tsx","933",".from('business_notices')",".select('*')               .eq('business_id', businessId)               .order('created_at', { ascending: false }),             supabase               .from('business_menus')"
"src\screens\business\Create.tsx","934",".select('*')",".eq('business_id', businessId)               .order('created_at', { ascending: false }),             supabase               .from('business_menus')               .select('*')"
"src\screens\business\Create.tsx","938",".from('business_menus')",".select('*')               .eq('business_id', businessId)               .order('sort_order', { ascending: true })               .order('created_at', { ascending: true }),             supabase"
"src\screens\business\Create.tsx","939",".select('*')",".eq('business_id', businessId)               .order('sort_order', { ascending: true })               .order('created_at', { ascending: true }),             supabase               .from('business_menu_items')"
"src\screens\business\Create.tsx","944",".from('business_menu_items')",".select('*')               .eq('business_id', businessId)               .order('sort_order', { ascending: true })               .order('created_at', { ascending: true }),           ]);"
"src\screens\business\Create.tsx","945",".select('*')",".eq('business_id', businessId)               .order('sort_order', { ascending: true })               .order('created_at', { ascending: true }),           ]);"
"src\screens\business\Create.tsx","1193",".from('businesses')",".update(payload)         .eq('id', business.id)         .select('*')         .single();"
"src\screens\business\Create.tsx","1196",".select('*')",".single();        if (error) throw error;        setBusiness(data as BusinessRow);"
"src\screens\business\Create.tsx","1452",".from('business_photos')",".delete()               .eq('id', photoId)               .eq('business_id', business.id);              if (error) throw error;"
"src\screens\business\Create.tsx","1499",".from('business_photos')",".update(payload)           .eq('id', editingPhotoId)           .eq('business_id', business.id)           .select('*')           .single();"
"src\screens\business\Create.tsx","1503",".select('*')",".single();          if (error) throw error;          const updated = data as BusinessPhoto;"
"src\screens\business\Create.tsx","1515",".from('business_photos')",".insert(payload)           .select('*')           .single();          if (error) throw error;"
"src\screens\business\Create.tsx","1517",".select('*')",".single();          if (error) throw error;          setPhotos((prev) => [data as BusinessPhoto, ...prev]);"
"src\screens\business\Create.tsx","1592",".from('business_events')",".delete()               .eq('id', eventId)               .eq('business_id', business.id);              if (error) throw error;"
"src\screens\business\Create.tsx","1642",".from('business_events')",".update(payload)           .eq('id', editingEventId)           .eq('business_id', business.id)           .select('*')           .single();"
"src\screens\business\Create.tsx","1646",".select('*')",".single();          if (error) throw error;          const updated = data as BusinessEvent;"
"src\screens\business\Create.tsx","1658",".from('business_events')",".insert(payload)           .select('*')           .single();          if (error) throw error;"
"src\screens\business\Create.tsx","1660",".select('*')",".single();          if (error) throw error;          setEvents((prev) => [data as BusinessEvent, ...prev]);"
"src\screens\business\Create.tsx","1717",".from('business_notices')",".delete()               .eq('id', noticeId)               .eq('business_id', business.id);              if (error) throw error;"
"src\screens\business\Create.tsx","1767",".from('business_notices')",".update(payload)           .eq('id', editingNoticeId)           .eq('business_id', business.id)           .select('*')           .single();"
"src\screens\business\Create.tsx","1771",".select('*')",".single();          if (error) throw error;          const updated = data as BusinessNotice;"
"src\screens\business\Create.tsx","1783",".from('business_notices')",".insert(payload)           .select('*')           .single();          if (error) throw error;"
"src\screens\business\Create.tsx","1785",".select('*')",".single();          if (error) throw error;          setNotices((prev) => ["
"src\screens\business\Create.tsx","1834",".from('business_menus')",".insert(payload)         .select('*')         .single();        if (error) throw error;"
"src\screens\business\Create.tsx","1836",".select('*')",".single();        if (error) throw error;        const inserted = data as BusinessMenu;"
"src\screens\business\Create.tsx","1871",".from('business_menu_items')",".delete()               .eq('menu_id', menuId);              const { error } = await supabase               .from('business_menus')"
"src\screens\business\Create.tsx","1876",".from('business_menus')",".delete()               .eq('id', menuId)               .eq('business_id', business.id);              if (error) throw error;"
"src\screens\business\Create.tsx","1915",".from('business_menu_items')",".delete()               .eq('id', itemId)               .eq('business_id', business.id);              if (error) throw error;"
"src\screens\business\Create.tsx","2060",".from('business_menu_items')",".update(basePayload)           .eq('id', editingMenuItemId)           .eq('business_id', business.id)           .select('*')           .single();"
"src\screens\business\Create.tsx","2064",".select('*')",".single();          if (error) throw error;          const updated = data as BusinessMenuItem;"
"src\screens\business\Create.tsx","2089",".from('business_menu_items')",".insert(payload)           .select('*')           .single();          if (error) throw error;"
"src\screens\business\Create.tsx","2091",".select('*')",".single();          if (error) throw error;          const inserted = data as BusinessMenuItem;"
"src\screens\business\Detail.tsx","532","Array.from(","new Set(           (reviewsState.reviews ?? [])             .map((review: any) =>               String(review?.post_id ?? review?.post?.id ?? """"),             )"
"src\screens\business\Detail.tsx","554",".from(""post_media"")",".select(""id,post_id,file_url,width,height,sort_order"")         .in(""post_id"", sourcePostIds)         .is(""deleted_at"", null)         .order(""sort_order"", { ascending: true });"
"src\screens\business\Detail.tsx","555",".select(""id,post_id,file_url,width,height,sort_order"")",".in(""post_id"", sourcePostIds)         .is(""deleted_at"", null)         .order(""sort_order"", { ascending: true });        if (cancelled) return;"
"src\screens\business\Detail.tsx","673","sourcePostIds.length > 0 ? sourcePostIds : Array.from(byId.keys());","const seedPosts = orderedIds         .map((id) => byId.get(String(id)))         .filter(Boolean)         .map(buildCollectionSeedPost)"
"src\screens\business\Feed.tsx","399","const estimatedTextWidth = Array.from(listButtonLabel).reduce((sum, char) => {","const code = char.codePointAt(0) ?? 0;       const isWide =         (code >= 0x1100 && code <= 0x11ff) ||         (code >= 0x2e80 && code <= 0xa4cf) ||         (code >= 0xac00 && code <= 0xd7af) ||"
"src\screens\business\Feed.tsx","532",".from('profiles')",".select('neighborhood_radius_m')         .eq('id', userId)         .maybeSingle();        if (error) return DEFAULT_NEIGHBORHOOD_RADIUS_M;"
"src\screens\business\Feed.tsx","533",".select('neighborhood_radius_m')",".eq('id', userId)         .maybeSingle();        if (error) return DEFAULT_NEIGHBORHOOD_RADIUS_M;"
"src\screens\business\Feed.tsx","601",".from('businesses')",".select(             `           id,           name,           category,"
"src\screens\business\Feed.tsx","602",".select(","`           id,           name,           category,           lat,"
"src\screens\business\Feed.tsx","715","const { data: interp, error: interpErr } = await supabase.rpc('search_interpret_local_v1', {","p_query: t,             p_lang: null,           });            if (!interpErr && interp) {"
"src\screens\business\Feed.tsx","733","const { data: ranked, error: rankedErr } = await supabase.rpc('search_businesses_v1', {","p_signals: signals,               p_category_top3: categoryTop3,               p_limit: RESULT_LIMIT,               p_offset: 0,               p_min_profile_updated_at: null,"
"src\screens\business\MyBusinessList.tsx","214",".from('businesses')",".select(`           id, name, category, category_major, address,           rating, review_count, hero_image_url, logo_image_url,           is_open_now, is_active, created_at, visitor_feed_count         `)"
"src\screens\business\MyBusinessList.tsx","215",".select(`","id, name, category, category_major, address,           rating, review_count, hero_image_url, logo_image_url,           is_open_now, is_active, created_at, visitor_feed_count         `)         .eq('owner_id', userData.user.id)"
"src\screens\chat\api\nonFriendRelation.ts","22",".from('friend_meta')",".delete()     .eq('owner_user_id', ownerId)     .eq('friend_user_id', targetId)     .eq('is_friend', false);"
"src\screens\chat\api\nonFriendRelation.ts","30","const { error } = await supabase.from('friend_meta').upsert(","{       owner_user_id: ownerId,       friend_user_id: targetId,       is_friend: true,       is_hidden: false,"
"src\screens\chat\capture\useChatScreenshotCapture.ts","57","? Uint8Array.from(input)",": new Uint8Array(input);   const chars = ""ABCDEFGHIJKLMNOPQRSTUVWXYZabcdefghijklmnopqrstuvwxyz0123456789+/"";   let out = """";   let i = 0;   const len = bytes.length;"
"src\screens\chat\capture\useChatScreenshotCapture.ts","521","const ids = Array.from(selectedIdSetRef.current);","if (ids.length <= 0) {       if (seq === measureSeqRef.current) setSelectionFrame(null);       return null;     }     const frameKeys = ["
"src\screens\chat\components\MessageActions\DeleteTypeModal.tsx","87","const hours = useMemo(() => Array.from({ length: 24 }, (_, i) => i), []);","const mins = useMemo(() => Array.from({ length: 60 }, (_, i) => i), []);    const [choice, setChoice] = useState<DeleteChoice>('MINE');   const [hour, setHour] = useState(0);   const [min, setMin] = useState(10);"
"src\screens\chat\components\MessageActions\DeleteTypeModal.tsx","88","const mins = useMemo(() => Array.from({ length: 60 }, (_, i) => i), []);","const [choice, setChoice] = useState<DeleteChoice>('MINE');   const [hour, setHour] = useState(0);   const [min, setMin] = useState(10);   const [readBased, setReadBased] = useState(false);"
"src\screens\chat\components\MessageActions\MessageActionSheet.tsx","505","...Platform.select({","ios: {         shadowColor: '#000',         shadowOpacity: 0.15,         shadowRadius: 18,         shadowOffset: { width: 0, height: 10 },"
"src\screens\chat\components\MessageActions\MomentQuickMenu.tsx","161","...Platform.select({","ios: {         shadowColor: '#000',         shadowOpacity: 0.16,         shadowRadius: 18,         shadowOffset: { width: 0, height: 10 },"
"src\screens\chat\components\MessageList\hooks\useReplyTargetLite.ts","48",".from('chat_messages')",".select(           'id, message_uid, client_msg_id, sender_id, sender_name, kind, type, content, original, meta, metadata, thumb_uri, thumbnail, thumb, translated_text',         )         .limit(1);       q = looksNumericId(rid)"
"src\screens\chat\components\MessageList\hooks\useReplyTargetLite.ts","49",".select(","'id, message_uid, client_msg_id, sender_id, sender_name, kind, type, content, original, meta, metadata, thumb_uri, thumbnail, thumb, translated_text',         )         .limit(1);       q = looksNumericId(rid)         ? q.eq('id', rid)"
"src\screens\chat\components\MessageList\hooks\useSenderIdentity.ts","177","return s ? Array.from(s)[0] : '?';","}  export function readSenderProfileCache(userId: string): SenderProfileLite | null {   return getCachedProfile(userId); }"
"src\screens\chat\components\MessageList\hooks\useSenderIdentity.ts","202",".from('profiles')",".select('user_id, nickname, avatar_url')         .eq('user_id', uid)         .maybeSingle();        if (error || !data) return null;"
"src\screens\chat\components\MessageList\hooks\useSenderIdentity.ts","203",".select('user_id, nickname, avatar_url')",".eq('user_id', uid)         .maybeSingle();        if (error || !data) return null;"
"src\screens\chat\components\MessageList\MessageActionsOverlay.tsx","298","paddingBottom: Platform.select({ ios: 40, android: 24 }),","paddingTop: 12,     overflow: 'hidden',   },   sheetHeader: {     paddingHorizontal: 20,"
"src\screens\chat\components\MessageList\MessageListUtils.ts","668","return Array.from(new Set(parts)).some((text) => text.includes(q));","}  export function shouldVerifyKeywordForFocus(   req: MessageListFocusRequest | null | undefined, ): boolean {"
"src\screens\chat\components\MessageList\useMessageListRender.tsx","86","const values = Array.from(set).map((v) => String(v ?? """").trim()).filter(Boolean);","if (values.length <= 0) return """";   values.sort();   return `${values.length}:${values.join("","")}`; }"
"src\screens\chat\components\Modals\SelectCopyModal.tsx","343","...Platform.select({","ios: {         shadowColor: ""#000"",         shadowOpacity: 0.18,         shadowRadius: 22,         shadowOffset: { width: 0, height: -10 },"
"src\screens\chat\components\Relation\NonFriendActionBar.tsx","183","...Platform.select({","ios: {         shadowOpacity: 0.105,         shadowRadius: 10,         shadowOffset: { width: 0, height: 4 },       },"
"src\screens\chat\components\Search\ChatSearchControls.theme.ts","80","paddingTop: Platform.select({","ios: CHAT_SEARCH_CONTROLS_METRICS.headerTopPaddingIOS,       android: CHAT_SEARCH_CONTROLS_METRICS.headerTopPaddingAndroid,       default: CHAT_SEARCH_CONTROLS_METRICS.headerTopPaddingAndroid,     }),   },"
"src\screens\chat\components\Search\ChatSearchControls.theme.ts","133","paddingVertical: Platform.select({ ios: 10, android: 8, default: 8 }),","},   clearButton: {     width: CHAT_SEARCH_CONTROLS_METRICS.clearButton,     height: CHAT_SEARCH_CONTROLS_METRICS.clearButton,     borderRadius: CHAT_SEARCH_CONTROLS_METRICS.clearButton / 2,"
"src\screens\chat\components\Search\SenderPickerSheet.tsx","162","contentContainerStyle={{ paddingBottom: Math.max(14, Platform.select({ ios: 20, android: 0 }) ?? 0) }} // iOS 하단 여백 추가","// ✅ 4. 대규모 오픈채팅방을 위한 FlatList 렌더링/메모리 최적화 옵션           initialNumToRender={15}           maxToRenderPerBatch={10}           windowSize={5}"
"src\screens\chat\components\ChatMenuModal.theme.ts","11",": (Platform.select({","ios: {           shadowColor: '#000000',           shadowOffset: { width: 0, height: -2 },           shadowOpacity: 0.08,           shadowRadius: 12,"
"src\screens\chat\components\ChatSearchModal.tsx","909","return Array.from(","new Set(         visibleCandidates           .map((value) => String(value ?? """").trim())           .filter(Boolean),       ),"
"src\screens\chat\components\ChatSearchModal.tsx","1061","setRoomMatches(Array.from(byId.values()).slice(0, 24));","} catch {       const fallbackRows = rows.filter((r) => {         if (!passesChatTypeFilter(r)) return false;         if (!passesChatDateFilter((r as any).updated_at ?? (r as any).updatedAt ?? (r as any).last_msg_at ?? (r as any).lastMsgAt)) return false;         const title = (r.title || """").toLowerCase();"
"src\screens\chat\components\ChatSearchModal.tsx","1087","const { data, error } = await supabase.rpc('search_open_chat_rooms_v1', {","p_query: q,         p_limit: 30,         p_offset: 0,       });"
"src\screens\chat\components\ChatSearchModal.tsx","1248","const results = Array.from(resultsByKey.values())",".sort((a, b) => b.updated_at - a.updated_at)         .slice(0, 40);        if (searchRunSeqRef.current === runSeq) setParticipantMatches(results);     } catch {"
"src\screens\chat\components\NewChatModal.tsx","184","return Array.from(","new Set(       String(value ?? """")         .split(/[#,/\n]/)         .map((tag) => tag.trim().replace(/^#+/, """").toLowerCase())         .filter((tag) => tag.length > 0)"
"src\screens\chat\components\NewChatModal.tsx","283",".from(""friend_meta"")",".select(""friend_user_id, alias, is_hidden, is_friend"")         .eq(""owner_user_id"", userId)         .eq(""is_friend"", true)         .eq(""is_hidden"", false);"
"src\screens\chat\components\NewChatModal.tsx","284",".select(""friend_user_id, alias, is_hidden, is_friend"")",".eq(""owner_user_id"", userId)         .eq(""is_friend"", true)         .eq(""is_hidden"", false);        const friendMetaById = new Map<string, { alias: string | null }>();"
"src\screens\chat\components\NewChatModal.tsx","298","let ids = Array.from(friendMetaById.keys());","if (!ids.length) {         const { data: frs } = await supabase           .from(""friendships"")           .select(""requester, addressee"")"
"src\screens\chat\components\NewChatModal.tsx","302",".from(""friendships"")",".select(""requester, addressee"")           .or(`requester.eq.${userId},addressee.eq.${userId}`)           .eq(""status"", ""accepted"");          ids = Array.from("
"src\screens\chat\components\NewChatModal.tsx","303",".select(""requester, addressee"")",".or(`requester.eq.${userId},addressee.eq.${userId}`)           .eq(""status"", ""accepted"");          ids = Array.from(           new Set("
"src\screens\chat\components\NewChatModal.tsx","307","ids = Array.from(","new Set(             (frs ?? [])               .map((f: any) =>                 f.requester === userId ? f.addressee : f.requester,               )"
"src\screens\chat\components\NewChatModal.tsx","325",".from(""profiles"")",".select(""id, nickname, follow_id, avatar_url"")         .in(""id"", ids);        const profileById = new Map<string, any>();       for (const profile of pf ?? []) {"
"src\screens\chat\components\NewChatModal.tsx","326",".select(""id, nickname, follow_id, avatar_url"")",".in(""id"", ids);        const profileById = new Map<string, any>();       for (const profile of pf ?? []) {         profileById.set(String((profile as any).id), profile);"
"src\screens\chat\components\NewChatModal.tsx","481",".from(""chat_members"")",".update({         open_profile_id: profile.id,         room_nickname: String(profile.nickname ?? """").trim() || t(""chat:newChat.userFallback""),         room_avatar_url: String(profile.avatar_url ?? """").trim() || null,         room_avatar_visible: true,"
"src\screens\chat\components\NewChatModal.tsx","544","const { data, error } = await supabase.rpc(""get_or_create_dm_room"", {","peer_id: peerId,         });          if (error || !data)           throw error ?? new Error(""Failed to create chat room"");"
"src\screens\chat\components\NewChatModal.tsx","552","const { data, error } = await supabase.rpc(","""create_chat_room_with_members"",           {             p_room_type: roomType,             p_title: roomTitle,             p_member_ids: roomType === ""open"" ? [] : selectedIds,"
"src\screens\chat\components\NewChatModal.tsx","580","const { error: profileError } = await supabase.rpc(","""update_open_chat_room_profile_v1"",           {             p_room_id: Number(nextRoomId),             p_title: roomTitle,             p_description: openDescription.trim(),"
"src\screens\chat\hooks\useChatActions.ts","539",".from('chat_members')",".select('room_id')       .eq('user_id', uid)       .eq('active', true)       .limit(300);"
"src\screens\chat\hooks\useChatActions.ts","540",".select('room_id')",".eq('user_id', uid)       .eq('active', true)       .limit(300);      if (!error && Array.isArray(data)) memberRows = data;"
"src\screens\chat\hooks\useChatActions.ts","551",".from('chat_members')",".select('room_id')         .eq('user_id', uid)         .limit(300);        if (!error && Array.isArray(data)) memberRows = data;"
"src\screens\chat\hooks\useChatActions.ts","552",".select('room_id')",".eq('user_id', uid)         .limit(300);        if (!error && Array.isArray(data)) memberRows = data;     } catch {}"
"src\screens\chat\hooks\useChatActions.ts","560","const roomIds = Array.from(","new Set(       memberRows         .map((row) => Number(row?.room_id))         .filter((n) => Number.isFinite(n) && n > 0)         .map((n) => Math.trunc(n)),"
"src\screens\chat\hooks\useChatActions.ts","573",".from('chat_rooms')",".select('id, type, subtype')       .in('id', roomIds)       .or('type.eq.self,subtype.eq.self')       .order('id', { ascending: true })       .limit(1);"
"src\screens\chat\hooks\useChatActions.ts","574",".select('id, type, subtype')",".in('id', roomIds)       .or('type.eq.self,subtype.eq.self')       .order('id', { ascending: true })       .limit(1);"
"src\screens\chat\hooks\useChatActions.ts","603","const { data, error } = await supabase.rpc(name, args as any);","if (error) continue;       const roomId = extractRoomIdFromRpcResult(data);       if (roomId) return roomId;     } catch {}   }"
"src\screens\chat\hooks\useChatActions.ts","619",".from('chat_rooms')",".insert({         type: 'self',         subtype: 'self',         custom_title: null,       })"
"src\screens\chat\hooks\useChatActions.ts","625",".select('id')",".single();      if (roomError || !room?.id) return null;      const roomId = Number(room.id);"
"src\screens\chat\hooks\useChatActions.ts","634",".from('chat_members')",".insert({         room_id: Math.trunc(roomId),         user_id: uid,         role: 'owner',         active: true,"
"src\screens\chat\hooks\useChatActions.ts","849","const { error } = await supabase.rpc('cancel_message_moment_delete', {","p_message_id: targetId,         });          actionDiag('moment.cancel.rpc.done', { roomId, targetId, ok: !error, err: error ? String((error as any)?.message ?? error) : null });         if (error) throw error;"
"src\screens\chat\hooks\useChatActions.ts","930","const { error } = await supabase.rpc('delete_message_for_all', { p_message_id: targetId });","actionDiag('deleteAll.rpc.done', { roomId: targetRoomId, targetId, ok: !error, err: error ? String((error as any)?.message ?? error) : null });           if (error) throw error;         } catch (err) {           if (__DEV__) {             console.warn('[chat/delete] deleteForAll failed', err);"
"src\screens\chat\hooks\useChatActions.ts","1015","const { error } = await supabase.rpc('set_message_moment_delete', {","p_message_id: targetId,           p_delete_at: deleteAtIso,           p_moment_config: momentConfig,         });"
"src\screens\chat\hooks\useChatBootstrap.ts","337","const ids = Array.from(","new Set(       targetUserIds         .map((id) => String(id ?? """").trim())         .filter((id) => id && id !== viewerUserId),     ),"
"src\screens\chat\hooks\useChatBootstrap.ts","350",".from(""friend_meta"")",".select(""friend_user_id,alias,is_friend"")       .eq(""owner_user_id"", viewerUserId)       .in(""friend_user_id"", part)       .eq(""is_friend"", true);"
"src\screens\chat\hooks\useChatBootstrap.ts","351",".select(""friend_user_id,alias,is_friend"")",".eq(""owner_user_id"", viewerUserId)       .in(""friend_user_id"", part)       .eq(""is_friend"", true);      ((data ?? []) as ViewerFriendMeta[]).forEach((row) => {"
"src\screens\chat\hooks\useChatBootstrap.ts","444",".from(""chat_rooms"")",".select(""type, subtype, cover_image_url"")       .eq(""id"", roomId)       .maybeSingle();      roomType = resolveRoomKindFromTypeAndSubtype("
"src\screens\chat\hooks\useChatBootstrap.ts","445",".select(""type, subtype, cover_image_url"")",".eq(""id"", roomId)       .maybeSingle();      roomType = resolveRoomKindFromTypeAndSubtype(       (roomRow as any)?.type,"
"src\screens\chat\hooks\useChatBootstrap.ts","458",".from(""chat_members"")",".select(""room_avatar_url, use_default_cover"")       .eq(""room_id"", roomId)       .eq(""user_id"", myId)       .maybeSingle();"
"src\screens\chat\hooks\useChatBootstrap.ts","459",".select(""room_avatar_url, use_default_cover"")",".eq(""room_id"", roomId)       .eq(""user_id"", myId)       .maybeSingle();      viewerRoomCoverUrl = pickString((myMemberRow as any)?.room_avatar_url);"
"src\screens\chat\hooks\useChatBootstrap.ts","486",".from(""chat_members"")",".select(""user_id"")         .eq(""room_id"", roomId)         .neq(""user_id"", myId);        if (!isDm) {"
"src\screens\chat\hooks\useChatBootstrap.ts","487",".select(""user_id"")",".eq(""room_id"", roomId)         .neq(""user_id"", myId);        if (!isDm) {         query = query.eq(""active"", true).is(""left_at"", null);"
"src\screens\chat\hooks\useChatBootstrap.ts","506",".from(""profiles"")",".select(""avatar_url"")         .or(`user_id.eq.${peerId},id.eq.${peerId}`)         .maybeSingle();        const peerAvatarUrl = pickString((profile as any)?.avatar_url);"
"src\screens\chat\hooks\useChatBootstrap.ts","507",".select(""avatar_url"")",".or(`user_id.eq.${peerId},id.eq.${peerId}`)         .maybeSingle();        const peerAvatarUrl = pickString((profile as any)?.avatar_url);       if (peerAvatarUrl) {"
"src\screens\chat\hooks\useChatBootstrap.ts","707","const { data, error } = await supabase.rpc(""get_or_create_dm_room"", args);","if (error) throw error;       return data as any;     };      let data: any = null;"
"src\screens\chat\hooks\useChatBootstrap.ts","948",".from(""chat_members"")",".select(""theme_override, is_input_locked"")         .eq(""room_id"", resolvedRoomId)         .eq(""user_id"", me)         .single()         .then(({ data }) => {"
"src\screens\chat\hooks\useChatBootstrap.ts","949",".select(""theme_override, is_input_locked"")",".eq(""room_id"", resolvedRoomId)         .eq(""user_id"", me)         .single()         .then(({ data }) => {           if (data) {"
"src\screens\chat\hooks\useChatBootstrap.ts","1054",".from(""chat_members"")",".update({ send_lang_override: peerView })         .eq(""room_id"", resolvedRoomId)         .eq(""user_id"", me);     } catch (e) {       void e;"
"src\screens\chat\hooks\useChatBootstrap.ts","1084",".from(""profiles"")",".select(           ""setting_lang, view_lang, preferred_lang, translation_tier, user_tier, translation_tone_default"",         )         .eq(""user_id"", me)         .maybeSingle();"
"src\screens\chat\hooks\useChatBootstrap.ts","1085",".select(","""setting_lang, view_lang, preferred_lang, translation_tier, user_tier, translation_tone_default"",         )         .eq(""user_id"", me)         .maybeSingle();"
"src\screens\chat\hooks\useChatBootstrap.ts","1111","await supabase.from(""profiles"").update(profPatch).eq(""user_id"", me);","}        const { data: myMember } = await supabase         .from(""chat_members"")         .select("
"src\screens\chat\hooks\useChatBootstrap.ts","1115",".from(""chat_members"")",".select(           ""view_lang_override, send_lang_override, auto_translate, translation_tier, translation_tone"",         )         .eq(""room_id"", roomId)         .eq(""user_id"", me)"
"src\screens\chat\hooks\useChatBootstrap.ts","1116",".select(","""view_lang_override, send_lang_override, auto_translate, translation_tier, translation_tone"",         )         .eq(""room_id"", roomId)         .eq(""user_id"", me)         .maybeSingle();"
"src\screens\chat\hooks\useChatBootstrap.ts","1162",".from(""chat_members"")",".select(""view_lang_override"")               .eq(""room_id"", roomId)               .eq(""user_id"", peerId)               .maybeSingle();"
"src\screens\chat\hooks\useChatBootstrap.ts","1163",".select(""view_lang_override"")",".eq(""room_id"", roomId)               .eq(""user_id"", peerId)               .maybeSingle();              peerView = toLangCodeUpper("
"src\screens\chat\hooks\useChatBootstrap.ts","1176",".from(""profiles"")",".select(""view_lang, setting_lang"")                 .eq(""user_id"", peerId)                 .maybeSingle();               peerView = toLangCodeUpper(                 (peerProf as any)?.view_lang ??"
"src\screens\chat\hooks\useChatBootstrap.ts","1177",".select(""view_lang, setting_lang"")",".eq(""user_id"", peerId)                 .maybeSingle();               peerView = toLangCodeUpper(                 (peerProf as any)?.view_lang ??                   (peerProf as any)?.setting_lang ??"
"src\screens\chat\hooks\useChatBootstrap.ts","1200",".from(""chat_members"")",".update(memberPatch)           .eq(""room_id"", roomId)           .eq(""user_id"", me);       }     } catch (e) {"
"src\screens\chat\hooks\useChatBootstrap.ts","1242",".from(""chat_members"")",".update(memberPatch)             .eq(""room_id"", resolvedRoomId)             .eq(""user_id"", me);         }       } catch (e) {"
"src\screens\chat\hooks\useChatBootstrap.ts","1308",".from(""profiles"")",".update({ view_lang: upper })           .eq(""user_id"", me);       } catch {}     },     [me, persistRoomSettingPatch, setViewLangLocal],"
"src\screens\chat\hooks\useChatBootstrap.ts","1334",".from(""chat_members"")",".update({ send_lang_override: peerView })             .eq(""room_id"", resolvedRoomId)             .eq(""user_id"", me);         }         return;"
"src\screens\chat\hooks\useChatBootstrap.ts","1486",".from(""chat_members"")",".select(""theme_override, is_input_locked"")           .eq(""room_id"", roomId)           .eq(""user_id"", myId)           .maybeSingle();         step(""bootstrap.memberUi.done"", {"
"src\screens\chat\hooks\useChatBootstrap.ts","1487",".select(""theme_override, is_input_locked"")",".eq(""room_id"", roomId)           .eq(""user_id"", myId)           .maybeSingle();         step(""bootstrap.memberUi.done"", {           ms: Date.now() - qStartedAt,"
"src\screens\chat\hooks\useChatBootstrap.ts","1626",".from(""profiles"")",".select(             ""nickname, setting_lang, view_lang, preferred_lang, translation_tier, translation_tone_default, user_tier"",           )           .eq(""user_id"", myId)           .maybeSingle();"
"src\screens\chat\hooks\useChatBootstrap.ts","1627",".select(","""nickname, setting_lang, view_lang, preferred_lang, translation_tier, translation_tone_default, user_tier"",           )           .eq(""user_id"", myId)           .maybeSingle();         step(""bootstrap.myProfile.done"", { ms: Date.now() - qStartedAt, hasProfile: !!prof });"
"src\screens\chat\hooks\useChatBootstrap.ts","1650",".from(""profiles"")",".update(profPatch)                 .eq(""user_id"", myId);             }           } catch (e) {             void e;"
"src\screens\chat\hooks\useChatBootstrap.ts","1755",".from(""chat_members"")",".select(""room_name, room_avatar_url, use_default_cover"")           .eq(""room_id"", roomId)           .eq(""user_id"", myId)           .maybeSingle();         step(""bootstrap.viewerMember.done"", {"
"src\screens\chat\hooks\useChatBootstrap.ts","1756",".select(""room_name, room_avatar_url, use_default_cover"")",".eq(""room_id"", roomId)           .eq(""user_id"", myId)           .maybeSingle();         step(""bootstrap.viewerMember.done"", {           ms: Date.now() - qStartedAt,"
"src\screens\chat\hooks\useChatBootstrap.ts","1780",".from(""chat_rooms"")",".select(""type, subtype, custom_title, cover_image_url"")           .eq(""id"", roomId)           .maybeSingle();         step(""bootstrap.chatRooms.done"", { ms: Date.now() - qStartedAt, hasRow: !!roomRow });"
"src\screens\chat\hooks\useChatBootstrap.ts","1781",".select(""type, subtype, custom_title, cover_image_url"")",".eq(""id"", roomId)           .maybeSingle();         step(""bootstrap.chatRooms.done"", { ms: Date.now() - qStartedAt, hasRow: !!roomRow });          fetchedRoomType = resolveRoomKindFromTypeAndSubtype("
"src\screens\chat\hooks\useChatBootstrap.ts","1802",".from(""chat_rooms_header"")",".select(""type, custom_title"")           .eq(""room_id"", roomId)           .maybeSingle();         step(""bootstrap.roomHeader.done"", { ms: Date.now() - qStartedAt, hasRow: !!roomHeader });"
"src\screens\chat\hooks\useChatBootstrap.ts","1803",".select(""type, custom_title"")",".eq(""room_id"", roomId)           .maybeSingle();         step(""bootstrap.roomHeader.done"", { ms: Date.now() - qStartedAt, hasRow: !!roomHeader });          if (!fetchedRoomType) {"
"src\screens\chat\hooks\useChatBootstrap.ts","1852",".from(""chat_members"")",".select(""user_id, role, active, left_at, open_profile_id, room_nickname, room_avatar_url, room_avatar_visible, room_status_message"")           .eq(""room_id"", roomId);          if (!treatAsDm) {           memberQuery = memberQuery.eq(""active"", true).is(""left_at"", null);"
"src\screens\chat\hooks\useChatBootstrap.ts","1853",".select(""user_id, role, active, left_at, open_profile_id, room_nickname, room_avatar_url, room_avatar_visible, room_status_message"")",".eq(""room_id"", roomId);          if (!treatAsDm) {           memberQuery = memberQuery.eq(""active"", true).is(""left_at"", null);         }"
"src\screens\chat\hooks\useChatBootstrap.ts","1900",".from(""profiles"")",".select(               ""id, user_id, nickname, avatar_url, follow_id, setting_lang, view_lang, preferred_lang, translation_tier, translation_tone_default"",             )             .or(`user_id.in.(${idsCsv}),id.in.(${idsCsv})`);           step(""bootstrap.members.profiles.done"", {"
"src\screens\chat\hooks\useChatBootstrap.ts","1901",".select(","""id, user_id, nickname, avatar_url, follow_id, setting_lang, view_lang, preferred_lang, translation_tier, translation_tone_default"",             )             .or(`user_id.in.(${idsCsv}),id.in.(${idsCsv})`);           step(""bootstrap.members.profiles.done"", {             ms: Date.now() - profilesStartedAt,"
"src\screens\chat\hooks\useChatBootstrap.ts","2253",".from(""chat_rooms_header"")",".select(""type"")           .eq(""room_id"", resolvedRoomId)           .maybeSingle();         const t1 = resolveRoomKindFromTypeAndSubtype(           (roomHeader as any)?.type,"
"src\screens\chat\hooks\useChatBootstrap.ts","2254",".select(""type"")",".eq(""room_id"", resolvedRoomId)           .maybeSingle();         const t1 = resolveRoomKindFromTypeAndSubtype(           (roomHeader as any)?.type,           null,"
"src\screens\chat\hooks\useChatBootstrap.ts","2270",".from(""chat_rooms"")",".select(""type, subtype"")           .eq(""id"", resolvedRoomId)           .maybeSingle();         const t2 = resolveRoomKindFromTypeAndSubtype(           (roomRow as any)?.type,"
"src\screens\chat\hooks\useChatBootstrap.ts","2271",".select(""type, subtype"")",".eq(""id"", resolvedRoomId)           .maybeSingle();         const t2 = resolveRoomKindFromTypeAndSubtype(           (roomRow as any)?.type,           (roomRow as any)?.subtype,"
"src\screens\chat\hooks\useChatDeleteController.ts","59","const localLookupKeys = Array.from(","new Set(             targets               .flatMap((m) => collectDeleteLookupKeys(m))               .map((id) => String(id || """").trim())               .filter(Boolean),"
"src\screens\chat\hooks\useChatDeleteController.ts","68","const serverIds = Array.from(","new Set(             targets               .map((m) => pickServerDeleteMessageId(m, pickMsgId, isLocalMsg))               .filter((id): id is string => !!id),           ),"
"src\screens\chat\hooks\useChatInlineSearch.ts","98","const source = value instanceof Set ? Array.from(value) : Array.isArray(value) ? value : [];","return new Set(     source       .map((item) => String(item ?? """").trim())       .filter(Boolean),   );"
"src\screens\chat\hooks\useChatInlineSearch.ts","329","return Array.from(new Set(parts.filter(Boolean))).join("" "");","}  function extractMessageFromItem(item: any) {   if (!item) return null;   if (item.type === ""message"" && item.data) return item.data;"
"src\screens\chat\hooks\useChatInlineSearch.ts","436","corpus: Array.from(","new Set([buildSearchCorpus(msg), normalizeText(extraCorpus)].filter(Boolean)),     ).join("" ""),     anchor,   }; }"
"src\screens\chat\hooks\useChatInlineSearch.ts","578","const uniqueIds = Array.from(new Set(ids.map((id) => String(id ?? """").trim()).filter(Boolean))).slice(0, 500);","if (!uniqueIds.length) return [];    const collection = database.get<Message>(""messages"");   const byRowId = new Map<string, Message>();"
"src\screens\chat\hooks\useChatInlineSearch.ts","607","return Array.from(byRowId.values());","}  async function queryRoomSearchHits(params: {   roomId: number;   query: string;"
"src\screens\chat\hooks\useChatInlineSearch.ts","630","? await fetchMessagesByPossibleIds(Array.from(translationCorpusByMessageId.keys()))",": [];    const candidateById = new Map<string, any>();   for (const row of rows) {     const key = String(row?.id ?? row?._raw?.id ?? getMessageId(row) ?? """").trim();"
"src\screens\chat\hooks\useChatInlineSearch.ts","724","() => Array.from(normalizedBookmarkedMessageUidSet),","[normalizedBookmarkedMessageUidSet],   );   const [dbHits, setDbHits] = useState<Hit[]>([]);   const dbSearchSeqRef = useRef(0);   const visibleHitsRef = useRef<Hit[]>([]);"
"src\screens\chat\hooks\useChatLivePatches.ts","122","return Array.from(out);","}  function splitDeleteLookupKeys(keys: string[]): DeleteLookupBuckets {   const raw = new Set<string>();   const serverIds = new Set<string>();"
"src\screens\chat\hooks\useChatLivePatches.ts","171","raw: Array.from(raw),","serverIds: Array.from(serverIds),     messageUids: Array.from(messageUids),     clientMsgIds: Array.from(clientMsgIds),     roomSeqs: Array.from(roomSeqs),   };"
"src\screens\chat\hooks\useChatLivePatches.ts","172","serverIds: Array.from(serverIds),","messageUids: Array.from(messageUids),     clientMsgIds: Array.from(clientMsgIds),     roomSeqs: Array.from(roomSeqs),   }; }"
"src\screens\chat\hooks\useChatLivePatches.ts","173","messageUids: Array.from(messageUids),","clientMsgIds: Array.from(clientMsgIds),     roomSeqs: Array.from(roomSeqs),   }; }"
"src\screens\chat\hooks\useChatLivePatches.ts","174","clientMsgIds: Array.from(clientMsgIds),","roomSeqs: Array.from(roomSeqs),   }; }  function mergeLocalDeleteMeta(value: unknown, nowIso: string): string {"
"src\screens\chat\hooks\useChatLivePatches.ts","175","roomSeqs: Array.from(roomSeqs),","}; }  function mergeLocalDeleteMeta(value: unknown, nowIso: string): string {   let base: Record<string, any> = {};"
"src\screens\chat\hooks\useChatLivePatches.ts","385","const uniq = Array.from(new Set((ids || []).map((x) => String(x || '').trim()).filter(Boolean)));","if (!uniq.length) return;      setHiddenMessageIds((prev) => {       const next = { ...prev };       let changed = false;"
"src\screens\chat\hooks\useChatLivePatches.ts","414","const uniq = Array.from(new Set((ids || []).map((x) => String(x || '').trim()).filter(Boolean)));","if (!uniq.length) return;      const buckets = splitDeleteLookupKeys(uniq);     const scopedRoomId = Number(roomId);     const hasRoomScope = roomIdOk && Number.isFinite(scopedRoomId) && scopedRoomId > 0;"
"src\screens\chat\hooks\useChatMenuPrefetch.ts","104",".from(""chat_members"")",".select(               ""is_pinned, notification_level, room_name, use_default_cover, joined_at"",             )             .eq(""room_id"", roomId)             .eq(""user_id"", user.id)"
"src\screens\chat\hooks\useChatMenuPrefetch.ts","105",".select(","""is_pinned, notification_level, room_name, use_default_cover, joined_at"",             )             .eq(""room_id"", roomId)             .eq(""user_id"", user.id)             .maybeSingle(),"
"src\screens\chat\hooks\useChatMenuPrefetch.ts","112",".from(""chat_rooms"")",".select(""custom_title, cover_image_url, type, subtype"")             .eq(""id"", roomId)             .maybeSingle(),           supabase             .from(""chat_members"")"
"src\screens\chat\hooks\useChatMenuPrefetch.ts","113",".select(""custom_title, cover_image_url, type, subtype"")",".eq(""id"", roomId)             .maybeSingle(),           supabase             .from(""chat_members"")             .select(""user_id, role, open_profile_id, room_nickname, room_avatar_url, room_avatar_visible, room_status_message"")"
"src\screens\chat\hooks\useChatMenuPrefetch.ts","117",".from(""chat_members"")",".select(""user_id, role, open_profile_id, room_nickname, room_avatar_url, room_avatar_visible, room_status_message"")             .eq(""room_id"", roomId)             .eq(""active"", true),         ]);"
"src\screens\chat\hooks\useChatMenuPrefetch.ts","118",".select(""user_id, role, open_profile_id, room_nickname, room_avatar_url, room_avatar_visible, room_status_message"")",".eq(""room_id"", roomId)             .eq(""active"", true),         ]);          if (cancelled) return;"
"src\screens\chat\hooks\useChatMenuPrefetch.ts","146","const userIds = Array.from(","new Set(             memberRows               .map((row: any) => String(row?.user_id ?? """").trim())               .filter(Boolean),           ),"
"src\screens\chat\hooks\useChatMenuPrefetch.ts","158",".from(""profiles"")",".select(""id, user_id, nickname, avatar_url"")             .in(""user_id"", userIds);            if (cancelled) return;"
"src\screens\chat\hooks\useChatMenuPrefetch.ts","159",".select(""id, user_id, nickname, avatar_url"")",".in(""user_id"", userIds);            if (cancelled) return;            profileMap = new Map<string, any>();"
"src\screens\chat\hooks\useChatMessageActionState.ts","105","return Array.from(out);","}  function getDeleteEligibility(msg: any, me: string | null | undefined): Eligibility {   const id = String(getActualMessageId(msg) ?? msg?.id ?? '').trim();   const isMe = String(msg?.senderId ?? msg?.sender_id ?? '') === String(me ?? '');"
"src\screens\chat\hooks\useChatNoticeController.ts","66",".from(""chat_messages"")",".select(""*"")         .eq(""room_id"", Number(roomId))         .eq(""is_notice"", true)         .not(""notice_pinned_at"", ""is"", null)         .order(""notice_pinned_at"", { ascending: false, nullsFirst: false })"
"src\screens\chat\hooks\useChatNoticeController.ts","67",".select(""*"")",".eq(""room_id"", Number(roomId))         .eq(""is_notice"", true)         .not(""notice_pinned_at"", ""is"", null)         .order(""notice_pinned_at"", { ascending: false, nullsFirst: false })         .order(""created_at"", { ascending: false })"
"src\screens\chat\hooks\useChatNoticeController.ts","293","const { data, error } = await supabase.rpc(","""promote_chat_message_to_notice"",           {             p_room_id: Number(roomId),             p_message_uid: messageUid,           },"
"src\screens\chat\hooks\useChatReadReceipt.ts","103","const { error } = await supabase.rpc('mark_room_read_to_seq', {","p_room_id: roomId,       p_last_read_seq: seq,     });      return !error;"
"src\screens\chat\hooks\useChatReadReceipt.ts","164",".from('chat_members')",".select('user_id,last_read_seq')     .eq('room_id', roomId)     .eq('active', true)     .neq('user_id', me);"
"src\screens\chat\hooks\useChatReadReceipt.ts","165",".select('user_id,last_read_seq')",".eq('room_id', roomId)     .eq('active', true)     .neq('user_id', me);    let data: any[] | null = null;"
"src\screens\chat\hooks\useChatReadReceipt.ts","175",".from('chat_members')",".select('user_id,last_read_room_seq')       .eq('room_id', roomId)       .eq('active', true)       .neq('user_id', me);"
"src\screens\chat\hooks\useChatReadReceipt.ts","176",".select('user_id,last_read_room_seq')",".eq('room_id', roomId)       .eq('active', true)       .neq('user_id', me);      if (!fallback.error) data = (fallback.data as any[]) ?? [];"
"src\screens\chat\hooks\useChatRoomAccessGuard.ts","144",".from(""chat_members"")",".select(""user_id, active, left_at, left_reason, kicked_by"")             .eq(""room_id"", roomIdNum)             .eq(""user_id"", String(effectiveMe))             .maybeSingle(),           supabase"
"src\screens\chat\hooks\useChatRoomAccessGuard.ts","145",".select(""user_id, active, left_at, left_reason, kicked_by"")",".eq(""room_id"", roomIdNum)             .eq(""user_id"", String(effectiveMe))             .maybeSingle(),           supabase             .from(""chat_rooms"")"
"src\screens\chat\hooks\useChatRoomAccessGuard.ts","150",".from(""chat_rooms"")",".select(""id, deleted_at, deleted_by, deleted_reason"")             .eq(""id"", roomIdNum)             .maybeSingle(),         ]);"
"src\screens\chat\hooks\useChatRoomAccessGuard.ts","151",".select(""id, deleted_at, deleted_by, deleted_reason"")",".eq(""id"", roomIdNum)             .maybeSingle(),         ]);          if (cancelled) return;"
"src\screens\chat\schedule\ChatSchedule.theme.ts","40",": (Platform.select({","ios: {           shadowColor: '#000000',           shadowOffset: { width: 0, height: 8 },           shadowOpacity: 0.055,           shadowRadius: 18,"
"src\screens\chat\schedule\chatScheduleApi.ts","688",".from('chat_schedule_participants')",".select('schedule_id,user_id,status')       .in('schedule_id', scheduleIds),     Promise.all(       rows.map(async (row) => [row.id, await readStoredReminder(userId, row.id)] as const),     ),"
"src\screens\chat\schedule\chatScheduleApi.ts","689",".select('schedule_id,user_id,status')",".in('schedule_id', scheduleIds),     Promise.all(       rows.map(async (row) => [row.id, await readStoredReminder(userId, row.id)] as const),     ),   ]);"
"src\screens\chat\schedule\chatScheduleApi.ts","753","const { error } = await supabase.rpc('finalize_due_chat_schedules', {","p_room_id: roomId,   });    if (error) throw error; };"
"src\screens\chat\schedule\chatScheduleApi.ts","777",".from('chat_schedules')",".select('*')     .eq('room_id', roomId)     .in('status', ['active', 'cancelled', 'completed'])     .order('starts_at', { ascending: true });"
"src\screens\chat\schedule\chatScheduleApi.ts","778",".select('*')",".eq('room_id', roomId)     .in('status', ['active', 'cancelled', 'completed'])     .order('starts_at', { ascending: true });    if (error) throw error;"
"src\screens\chat\schedule\chatScheduleApi.ts","806","const roomIds = Array.from(","new Set(schedules.map((item) => item.room_id).filter((id) => Number.isFinite(id) && id > 0)),   );    const [localRoomById, { data: roomRows }, { data: memberRows }] = await Promise.all([     readLocalRoomMap(roomIds),"
"src\screens\chat\schedule\chatScheduleApi.ts","814",".from('chat_rooms')",".select('id, custom_title, cover_image_url, type, subtype')           .in('id', roomIds)       : Promise.resolve({ data: [] as any[] }),     roomIds.length > 0       ? supabase"
"src\screens\chat\schedule\chatScheduleApi.ts","815",".select('id, custom_title, cover_image_url, type, subtype')",".in('id', roomIds)       : Promise.resolve({ data: [] as any[] }),     roomIds.length > 0       ? supabase           .from('chat_members')"
"src\screens\chat\schedule\chatScheduleApi.ts","820",".from('chat_members')",".select('room_id, room_name, theme_override')           .eq('user_id', userId)           .in('room_id', roomIds)       : Promise.resolve({ data: [] as any[] }),   ]);"
"src\screens\chat\schedule\chatScheduleApi.ts","821",".select('room_id, room_name, theme_override')",".eq('user_id', userId)           .in('room_id', roomIds)       : Promise.resolve({ data: [] as any[] }),   ]);"
"src\screens\chat\schedule\chatScheduleApi.ts","872",".from('chat_schedule_participants')",".select('schedule_id')     .eq('user_id', userId)     .eq('status', 'joined')     .limit(MY_UPCOMING_SCHEDULE_LIMIT);"
"src\screens\chat\schedule\chatScheduleApi.ts","873",".select('schedule_id')",".eq('user_id', userId)     .eq('status', 'joined')     .limit(MY_UPCOMING_SCHEDULE_LIMIT);    if (participantError) throw participantError;"
"src\screens\chat\schedule\chatScheduleApi.ts","880","const scheduleIds = Array.from(","new Set((myParticipants ?? []).map((row: any) => String(row?.schedule_id ?? '').trim()).filter(Boolean)),   );    if (scheduleIds.length === 0) return [];"
"src\screens\chat\schedule\chatScheduleApi.ts","887",".from('chat_schedules')",".select('*')     .in('id', scheduleIds)     .eq('status', 'active')     .order('starts_at', { ascending: true })     .limit(MY_UPCOMING_SCHEDULE_LIMIT);"
"src\screens\chat\schedule\chatScheduleApi.ts","888",".select('*')",".in('id', scheduleIds)     .eq('status', 'active')     .order('starts_at', { ascending: true })     .limit(MY_UPCOMING_SCHEDULE_LIMIT);"
"src\screens\chat\schedule\chatScheduleApi.ts","911",".from('chat_members')",".select('room_id')     .eq('user_id', userId)     .eq('active', true)     .limit(500);"
"src\screens\chat\schedule\chatScheduleApi.ts","912",".select('room_id')",".eq('user_id', userId)     .eq('active', true)     .limit(500);    if (memberError) throw memberError;"
"src\screens\chat\schedule\chatScheduleApi.ts","919","const roomIds = Array.from(","new Set((memberRows ?? []).map((row: any) => Number(row?.room_id)).filter((id) => Number.isFinite(id) && id > 0)),   );    if (roomIds.length === 0) return [];"
"src\screens\chat\schedule\chatScheduleApi.ts","926",".from('chat_schedules')",".select('*')     .in('room_id', roomIds)     .eq('status', 'active')     .order('starts_at', { ascending: true })     .limit(MY_UPCOMING_SCHEDULE_LIMIT);"
"src\screens\chat\schedule\chatScheduleApi.ts","927",".select('*')",".in('room_id', roomIds)     .eq('status', 'active')     .order('starts_at', { ascending: true })     .limit(MY_UPCOMING_SCHEDULE_LIMIT);"
"src\screens\chat\schedule\chatScheduleApi.ts","964",".from('chat_schedules')",".select('*')     .eq('id', scheduleId)     .maybeSingle();    if (error) throw error;"
"src\screens\chat\schedule\chatScheduleApi.ts","965",".select('*')",".eq('id', scheduleId)     .maybeSingle();    if (error) throw error;   if (!data) throw new Error('schedule_not_found');"
"src\screens\chat\schedule\chatScheduleApi.ts","980",".from('chat_schedules')",".select('*')         .eq('id', scheduleId)         .maybeSingle();        if (refreshError) throw refreshError;"
"src\screens\chat\schedule\chatScheduleApi.ts","981",".select('*')",".eq('id', scheduleId)         .maybeSingle();        if (refreshError) throw refreshError;       if (!refreshed) throw new Error('schedule_not_found');"
"src\screens\chat\schedule\chatScheduleApi.ts","1002",".from('chat_schedule_participants')",".select('schedule_id,user_id,status,joined_at,updated_at,role,room_nickname,room_avatar_url')       .eq('schedule_id', scheduleId)       .eq('status', 'joined')       .order('joined_at', { ascending: true }),     supabase"
"src\screens\chat\schedule\chatScheduleApi.ts","1003",".select('schedule_id,user_id,status,joined_at,updated_at,role,room_nickname,room_avatar_url')",".eq('schedule_id', scheduleId)       .eq('status', 'joined')       .order('joined_at', { ascending: true }),     supabase       .from('chat_schedules')"
"src\screens\chat\schedule\chatScheduleApi.ts","1008",".from('chat_schedules')",".select('room_id')       .eq('id', scheduleId)       .maybeSingle(),   ]);"
"src\screens\chat\schedule\chatScheduleApi.ts","1009",".select('room_id')",".eq('id', scheduleId)       .maybeSingle(),   ]);    if (error) throw error;"
"src\screens\chat\schedule\chatScheduleApi.ts","1021","const userIds = Array.from(","new Set(rows.map((row: any) => asCleanText(row?.user_id)).filter(Boolean) as string[]),   );    const [{ data: roomRow }, { data: memberRows }, { data: profileRows }] = await Promise.all([     Number.isFinite(roomId) && roomId > 0"
"src\screens\chat\schedule\chatScheduleApi.ts","1027","? supabase.from('chat_rooms').select('id,type,subtype').eq('id', roomId).maybeSingle()",": Promise.resolve({ data: null as any }),     Number.isFinite(roomId) && roomId > 0 && userIds.length > 0       ? supabase           .from('chat_members')           .select('user_id,room_nickname,room_avatar_url,room_avatar_visible')"
"src\screens\chat\schedule\chatScheduleApi.ts","1031",".from('chat_members')",".select('user_id,room_nickname,room_avatar_url,room_avatar_visible')           .eq('room_id', roomId)           .in('user_id', userIds)       : Promise.resolve({ data: [] as any[] }),     userIds.length > 0"
"src\screens\chat\schedule\chatScheduleApi.ts","1032",".select('user_id,room_nickname,room_avatar_url,room_avatar_visible')",".eq('room_id', roomId)           .in('user_id', userIds)       : Promise.resolve({ data: [] as any[] }),     userIds.length > 0       ? supabase"
"src\screens\chat\schedule\chatScheduleApi.ts","1038",".from('profiles')",".select('user_id,nickname,avatar_url')           .in('user_id', userIds)       : Promise.resolve({ data: [] as any[] }),   ]);"
"src\screens\chat\schedule\chatScheduleApi.ts","1039",".select('user_id,nickname,avatar_url')",".in('user_id', userIds)       : Promise.resolve({ data: [] as any[] }),   ]);    const roomType = scheduleRoomType(roomRow);"
"src\screens\chat\schedule\chatScheduleApi.ts","1111","const { error } = await supabase.rpc('set_chat_schedule_participant_role', {","p_schedule_id: scheduleId,     p_user_id: userId,     p_role: role,   });"
"src\screens\chat\schedule\chatScheduleApi.ts","1130",".from('chat_schedules')",".insert({       room_id: roomId,       creator_user_id: userId,       title: draft.title.trim(),       description: draft.description.trim() || null,"
"src\screens\chat\schedule\chatScheduleApi.ts","1146",".select('*')",".single();    if (error) throw error;    await joinChatSchedule(String(data.id));"
"src\screens\chat\schedule\chatScheduleApi.ts","1169","const { error } = await supabase.rpc('update_chat_schedule', {","p_schedule_id: scheduleId,     p_title: draft.title.trim(),     p_description: draft.description.trim() || null,     p_starts_at: draft.starts_at,     p_ends_at: draft.ends_at,"
"src\screens\chat\schedule\chatScheduleApi.ts","1195","const { error } = await supabase.rpc('cancel_chat_schedule', {","p_schedule_id: scheduleId,   });    if (error) throw error;"
"src\screens\chat\schedule\chatScheduleApi.ts","1215","const { error } = await supabase.rpc('complete_chat_schedule', {","p_schedule_id: scheduleId,   });    if (error) throw error;"
"src\screens\chat\schedule\chatScheduleApi.ts","1237",".from('chat_schedules')",".select('room_id')     .eq('id', scheduleId)     .maybeSingle();    if (scheduleError) throw scheduleError;"
"src\screens\chat\schedule\chatScheduleApi.ts","1238",".select('room_id')",".eq('id', scheduleId)     .maybeSingle();    if (scheduleError) throw scheduleError;   if (!scheduleRow?.room_id) throw new Error('schedule_not_found');"
"src\screens\chat\schedule\chatScheduleApi.ts","1248","supabase.from('chat_rooms').select('id,type,subtype').eq('id', roomId).maybeSingle(),","supabase       .from('chat_members')       .select('room_nickname,room_avatar_url,room_avatar_visible')       .eq('room_id', roomId)       .eq('user_id', userId)"
"src\screens\chat\schedule\chatScheduleApi.ts","1250",".from('chat_members')",".select('room_nickname,room_avatar_url,room_avatar_visible')       .eq('room_id', roomId)       .eq('user_id', userId)       .eq('active', true)       .is('left_at', null)"
"src\screens\chat\schedule\chatScheduleApi.ts","1251",".select('room_nickname,room_avatar_url,room_avatar_visible')",".eq('room_id', roomId)       .eq('user_id', userId)       .eq('active', true)       .is('left_at', null)       .maybeSingle(),"
"src\screens\chat\schedule\chatScheduleApi.ts","1258",".from('profiles')",".select('nickname,avatar_url')       .eq('user_id', userId)       .maybeSingle(),   ]);"
"src\screens\chat\schedule\chatScheduleApi.ts","1259",".select('nickname,avatar_url')",".eq('user_id', userId)       .maybeSingle(),   ]);    const roomType = scheduleRoomType(roomRow);"
"src\screens\chat\schedule\chatScheduleApi.ts","1291",".from('chat_schedule_participants')",".upsert(       {         schedule_id: scheduleId,         user_id: userId,         status: 'joined',"
"src\screens\chat\schedule\chatScheduleApi.ts","1314",".from('chat_schedule_participants')",".upsert(       {         schedule_id: scheduleId,         user_id: userId,         status: 'left',"
"src\screens\chat\schedule\ChatScheduleDetail.tsx","138",".from('chat_members')",".select('user_id,room_nickname,room_avatar_url,role')     .eq('room_id', roomId)     .eq('active', true)     .is('left_at', null);"
"src\screens\chat\schedule\ChatScheduleDetail.tsx","139",".select('user_id,room_nickname,room_avatar_url,role')",".eq('room_id', roomId)     .eq('active', true)     .is('left_at', null);    if (memberError) {"
"src\screens\chat\schedule\ChatScheduleDetail.tsx","224","return Array.from(merged.values());","};  const getInitial = (name?: string | null): string => {   const text = (name ?? '').trim();   return text ? text.slice(0, 1).toUpperCase() : '?';"
"src\screens\chat\schedule\ChatScheduleDetail.tsx","393","supabase.from('chat_rooms').select('type').eq('id', row.room_id).maybeSingle(),","]);       const mergedParticipants = mergeParticipantsForDetail(         participantRows,         row,         currentUserId,"
"src\screens\chat\services\roomSettings.ts","19",".from('chat_room_settings')",".select(       'room_id,user_id,auto_translate,show_translated_only,translation_tier,translation_tone,view_lang,preferred_lang,updated_at',     )     .eq('room_id', roomId)     .eq('user_id', userId)"
"src\screens\chat\services\roomSettings.ts","20",".select(","'room_id,user_id,auto_translate,show_translated_only,translation_tier,translation_tone,view_lang,preferred_lang,updated_at',     )     .eq('room_id', roomId)     .eq('user_id', userId)     .maybeSingle();"
"src\screens\chat\services\roomSettings.ts","43","const { error } = await supabase.from('chat_room_settings').upsert(payload, { onConflict: 'room_id,user_id' });","if (error) {     console.warn('[chat_room_settings] upsert error', (error as any)?.message ?? error, payload);   } }"
"src\screens\chat\theme\global\ChatThemeGate.tsx","124",".from('ui_global_theme')",".select('*')     .or(`theme_id.eq.${roomType},theme_id.is.null`);    if (error) {     console.warn('[ChatThemeGate] fetch error:', error.message ?? error);"
"src\screens\chat\theme\global\ChatThemeGate.tsx","125",".select('*')",".or(`theme_id.eq.${roomType},theme_id.is.null`);    if (error) {     console.warn('[ChatThemeGate] fetch error:', error.message ?? error);     return [];"
"src\screens\chat\utils\chatDeleteLookup.ts","98","return Array.from(out);","}  export function pickServerDeleteMessageId(   msg: any,   fallbackPickMsgId?: (message: any) => string | null,"
"src\screens\chat\utils\chatUnreadFallback.ts","32","return Array.from(out);","}  function hasUnreadLookupValue(map: any, keys: string[]): boolean {   if (!map || !keys.length) return false;   for (const key of keys) {"
"src\screens\chat\utils\secureSearchText.ts","232","return Array.from(new Set(out));","}  function tryRuntimeMethod(methodName: string, argsList: any[][]): string[] {   const store: any = secureRuntimeStore as any;   const fn = store?.[methodName];"
"src\screens\chat\utils\secureSearchText.ts","455","return Array.from(new Set(out));","}"
"src\screens\chat\Chat.tsx","628",".from(""chat_members"")",".select(""notification_level"")           .eq(""room_id"", Number(resolvedRoomId))           .eq(""user_id"", me)           .maybeSingle();"
"src\screens\chat\Chat.tsx","629",".select(""notification_level"")",".eq(""room_id"", Number(resolvedRoomId))           .eq(""user_id"", me)           .maybeSingle();          if (cancelled || error || !data) return;"
"src\screens\chat\Chat.tsx","870","return Array.from(byId.entries()).map(([id, name]) => ({ id, name }));","}, [me, memberNickMapRef, roomType, title, visibleItems, t]);    const { chatMenuPrefetchMembers, chatMenuPrefetchSnapshot } =     useChatMenuPrefetch({       roomId: resolvedRoomId,"
"src\screens\chat\Chat.tsx","2731",".from(""friend_meta"")",".select(""is_friend"")             .eq(""owner_user_id"", me)             .eq(""friend_user_id"", nonFriendPeerId)             .maybeSingle(),           supabase"
"src\screens\chat\Chat.tsx","2732",".select(""is_friend"")",".eq(""owner_user_id"", me)             .eq(""friend_user_id"", nonFriendPeerId)             .maybeSingle(),           supabase             .from(""friend_blocks"")"
"src\screens\chat\Chat.tsx","2737",".from(""friend_blocks"")",".select(""user_id,target_id"")             .or(               `and(user_id.eq.${me},target_id.eq.${nonFriendPeerId}),and(user_id.eq.${nonFriendPeerId},target_id.eq.${me})`,             )             .limit(1),"
"src\screens\chat\Chat.tsx","2738",".select(""user_id,target_id"")",".or(               `and(user_id.eq.${me},target_id.eq.${nonFriendPeerId}),and(user_id.eq.${nonFriendPeerId},target_id.eq.${me})`,             )             .limit(1),         ]);"
"src\screens\chat\Chat.tsx","2810","const { error } = await supabase.from(""friend_blocks"").insert({","user_id: me,         target_id: nonFriendPeerId,       });        if (error && (error as any).code !== ""23505"") throw error;"
"src\screens\chat\ChatMenu.tsx","293","const ids = Array.from(","new Set(       targetUserIds         .map((id) => String(id ?? '').trim())         .filter((id) => id && id !== viewerUserId),     ),"
"src\screens\chat\ChatMenu.tsx","306",".from('friend_meta')",".select('friend_user_id,alias,is_friend')       .eq('owner_user_id', viewerUserId)       .in('friend_user_id', part)       .eq('is_friend', true);"
"src\screens\chat\ChatMenu.tsx","307",".select('friend_user_id,alias,is_friend')",".eq('owner_user_id', viewerUserId)       .in('friend_user_id', part)       .eq('is_friend', true);      ((data ?? []) as Array<{ friend_user_id?: string | null; alias?: string | null }>).forEach((row) => {"
"src\screens\chat\ChatMenu.tsx","381","return Array.from(","new Set(       matches         .map((url) => url.replace(/[),.]+$/g, '').trim())         .filter(Boolean),     ),"
"src\screens\chat\ChatMenu.tsx","1145",".from('chat_messages')",".select('*')         .eq('room_id', roomId)         .order('created_at', { ascending: false })         .limit(80);"
"src\screens\chat\ChatMenu.tsx","1146",".select('*')",".eq('room_id', roomId)         .order('created_at', { ascending: false })         .limit(80);        rows = data ?? [];"
"src\screens\chat\ChatMenu.tsx","1180","const { data } = await supabase.storage.from(item.bucket).createSignedUrl(item.key, 60);","if (data?.signedUrl) previews.push({ ...item, url: data.signedUrl });       } catch {}     }      setCollectionPreviewItems(previews);"
"src\screens\chat\ChatMenu.tsx","1208",".from('chat_members')",".select('is_pinned, notification_level, room_name, use_default_cover, room_avatar_url, room_profile_updated_at, joined_at, theme_override, auto_translate, translation_tier, translation_tone, view_lang_override, send_lang_override')         .eq('room_id', roomId)         .eq('user_id', user.id)         .single();"
"src\screens\chat\ChatMenu.tsx","1209",".select('is_pinned, notification_level, room_name, use_default_cover, room_avatar_url, room_profile_updated_at, joined_at, theme_override, auto_translate, translation_tier, translation_tone, view_lang_override, send_lang_override')",".eq('room_id', roomId)         .eq('user_id', user.id)         .single();        if (myMem) {"
"src\screens\chat\ChatMenu.tsx","1227",".from('chat_rooms')",".select('custom_title, cover_image_url, type, subtype')         .eq('id', roomId)         .single();        const t = (roomInfo?.type || '').toLowerCase();"
"src\screens\chat\ChatMenu.tsx","1228",".select('custom_title, cover_image_url, type, subtype')",".eq('id', roomId)         .single();        const t = (roomInfo?.type || '').toLowerCase();       const st = (roomInfo?.subtype || '').toLowerCase();"
"src\screens\chat\ChatMenu.tsx","1255",".from('chat_members')",".select('user_id, role, active, left_at, joined_at, open_profile_id, room_nickname, room_avatar_url, room_avatar_visible, room_status_message')         .eq('room_id', roomId);        // DM은 상대가 방을 나가도 내 채팅방에서는 상대 정보가 계속 보여야 한다.       // active는 현재 참여 상태이고, DM 상대 표시/설정 화면의 표시 대상 여부가 아니다."
"src\screens\chat\ChatMenu.tsx","1256",".select('user_id, role, active, left_at, joined_at, open_profile_id, room_nickname, room_avatar_url, room_avatar_visible, room_status_message')",".eq('room_id', roomId);        // DM은 상대가 방을 나가도 내 채팅방에서는 상대 정보가 계속 보여야 한다.       // active는 현재 참여 상태이고, DM 상대 표시/설정 화면의 표시 대상 여부가 아니다.       if (currentType !== 'dm') {"
"src\screens\chat\ChatMenu.tsx","1273",".from('profiles')",".select('id, user_id, nickname, avatar_url, follow_id')           .in('user_id', userIds);          const profileMap = new Map<string, any>();         profiles?.forEach((p: any) => profileMap.set(p.user_id, p));"
"src\screens\chat\ChatMenu.tsx","1274",".select('id, user_id, nickname, avatar_url, follow_id')",".in('user_id', userIds);          const profileMap = new Map<string, any>();         profiles?.forEach((p: any) => profileMap.set(p.user_id, p));"
"src\screens\chat\ChatMenu.tsx","1505",".from('chat_members')",".update({ is_pinned: next })         .eq('room_id', roomId)         .eq('user_id', me);     }   };"
"src\screens\chat\ChatMenu.tsx","1556",".from('chat_members')",".update({ notification_level: next ? 'mute' : 'default' })         .eq('room_id', roomId)         .eq('user_id', me);        if (error) throw error;"
"src\screens\chat\ChatRoomData.tsx","174",".from(""chat_rooms"")",".select(""cover_image_url"")       .eq(""id"", roomId)       .maybeSingle();      const roomImage = firstString((room as any)?.cover_image_url);"
"src\screens\chat\ChatRoomData.tsx","175",".select(""cover_image_url"")",".eq(""id"", roomId)       .maybeSingle();      const roomImage = firstString((room as any)?.cover_image_url);     if (roomImage) return roomImage;"
"src\screens\chat\ChatRoomData.tsx","189",".from(""chat_members"")",".select(""user_id"")       .eq(""room_id"", roomId)       .eq(""active"", true)       .is(""left_at"", null);"
"src\screens\chat\ChatRoomData.tsx","190",".select(""user_id"")",".eq(""room_id"", roomId)       .eq(""active"", true)       .is(""left_at"", null);      const userIds = Array.isArray(members)"
"src\screens\chat\ChatRoomData.tsx","204",".from(""profiles"")",".select(""user_id, avatar_url"")       .in(""user_id"", targetIds);      if (Array.isArray(profiles)) {       for (const profile of profiles as any[]) {"
"src\screens\chat\ChatRoomData.tsx","205",".select(""user_id, avatar_url"")",".in(""user_id"", targetIds);      if (Array.isArray(profiles)) {       for (const profile of profiles as any[]) {         const avatar = firstString(profile?.avatar_url);"
"src\screens\chat\ChatRoomEdit.tsx","236","const { error } = await supabase.rpc(""enqueue_chat_room_cover_delete_v1"", {","p_bucket: bucket,     p_object_key: objectKey,     p_source_id: buildRoomCoverSourceId(params.roomId, params.userId),   });"
"src\screens\chat\ChatRoomEdit.tsx","466",".from(""chat_members"")",".select(""room_avatar_url"")         .eq(""room_id"", roomId)         .eq(""user_id"", user.id)         .maybeSingle();"
"src\screens\chat\ChatRoomEdit.tsx","467",".select(""room_avatar_url"")",".eq(""room_id"", roomId)         .eq(""user_id"", user.id)         .maybeSingle();        if (currentMemberError) throw currentMemberError;"
"src\screens\chat\ChatRoomEdit.tsx","498",".from(""chat_members"")",".update(updates)           .eq(""room_id"", roomId)           .eq(""user_id"", user.id)           .select(             ""room_id,user_id,room_name,room_avatar_url,use_default_cover,room_profile_updated_at"","
"src\screens\chat\ChatRoomEdit.tsx","502",".select(","""room_id,user_id,room_name,room_avatar_url,use_default_cover,room_profile_updated_at"",           )           .maybeSingle();          if (error) throw error;"
"src\screens\chat\ChatRoomGate.tsx","175",".from('chat_members')",".select('user_id, role')       .eq('room_id', roomId)       .eq('active', true)       .in('role', ['host', 'owner', 'admin', 'operator'])       .limit(1);"
"src\screens\chat\ChatRoomGate.tsx","176",".select('user_id, role')",".eq('room_id', roomId)       .eq('active', true)       .in('role', ['host', 'owner', 'admin', 'operator'])       .limit(1);"
"src\screens\chat\ChatRoomGate.tsx","188",".from('profiles')",".select('user_id, id, nickname, follow_id, avatar_url')       .or(`user_id.eq.${hostUserId},id.eq.${hostUserId}`)       .limit(1);      if (profileError) throw profileError;"
"src\screens\chat\ChatRoomGate.tsx","189",".select('user_id, id, nickname, follow_id, avatar_url')",".or(`user_id.eq.${hostUserId},id.eq.${hostUserId}`)       .limit(1);      if (profileError) throw profileError;"
"src\screens\chat\ChatRoomGate.tsx","215",".from('chat_members')",".select('open_profile_id, room_nickname, room_avatar_url, room_avatar_visible')       .eq('room_id', roomId)       .eq('user_id', userId)       .eq('active', true)       .maybeSingle();"
"src\screens\chat\ChatRoomGate.tsx","216",".select('open_profile_id, room_nickname, room_avatar_url, room_avatar_visible')",".eq('room_id', roomId)       .eq('user_id', userId)       .eq('active', true)       .maybeSingle();"
"src\screens\chat\ChatRoomGate.tsx","316","const { data, error } = await supabase.rpc('get_open_chat_room_profile_v1', {","p_room_id: roomId,           });           if (error) throw error;           const row = firstRpcRow<any>(data);           if (!row) throw new Error('open_gate_not_found');"
"src\screens\chat\ChatRoomGate.tsx","353","const { data, error } = await supabase.rpc('get_business_chat_gate_v1', {","p_business_id: businessId,           });           if (error) throw error;           const row = firstRpcRow<any>(data);           if (!row) throw new Error('business_gate_not_found');"
"src\screens\chat\ChatRoomGate.tsx","433","const { data, error } = await supabase.rpc('join_open_chat_room_v2', {","p_room_id: openData.room_id,         p_open_profile_id: profile.id,       });        if (error) throw error;"
"src\screens\chat\ChatRoomGate.tsx","443","const { data, error: legacyError } = await supabase.rpc('join_open_chat_room_v1', {","p_room_id: openData.room_id,       });       if (legacyError) throw legacyError;        const nextRoomId = roomIdFromJoinRpc(data, openData.room_id);"
"src\screens\chat\ChatRoomGate.tsx","456",".from('chat_members')",".update({           open_profile_id: profile.id,           room_nickname: cleanString(profile.nickname) || t('openProfile.common.user'),           room_avatar_url: cleanNullable(profile.avatar_url),           room_avatar_visible: true,"
"src\screens\chat\ChatRoomGate.tsx","521","const { data, error } = await supabase.rpc('start_business_chat_v1', {","p_business_id: businessData.business_id,         });         if (error) throw error;          const nextRoomId = Number(data);"
"src\screens\chat\ChatSetting.tsx","297","const uniqueIds = Array.from(new Set(userIds.map((v) => String(v ?? '').trim()).filter(Boolean)));","const map = new Map<string, string>();   if (!uniqueIds.length) return map;    try {     const localRows = await database"
"src\screens\chat\ChatSetting.tsx","318",".from('profiles')",".select('user_id,nickname')         .in('user_id', missing);       if (!error && Array.isArray(data)) {         for (const row of data as any[]) {           const userId = String(row?.user_id ?? '').trim();"
"src\screens\chat\ChatSetting.tsx","319",".select('user_id,nickname')",".in('user_id', missing);       if (!error && Array.isArray(data)) {         for (const row of data as any[]) {           const userId = String(row?.user_id ?? '').trim();           const nickname = String(row?.nickname ?? '').trim();"
"src\screens\chat\ChatSetting.tsx","527","const ids = Array.from(","new Set(       targetUserIds         .map((id) => String(id ?? '').trim())         .filter((id) => id && id !== viewerUserId),     ),"
"src\screens\chat\ChatSetting.tsx","540",".from('friend_meta')",".select('friend_user_id,alias,is_friend')       .eq('owner_user_id', viewerUserId)       .in('friend_user_id', part)       .eq('is_friend', true);"
"src\screens\chat\ChatSetting.tsx","541",".select('friend_user_id,alias,is_friend')",".eq('owner_user_id', viewerUserId)       .in('friend_user_id', part)       .eq('is_friend', true);      ((data ?? []) as Array<{ friend_user_id?: string | null; alias?: string | null }>).forEach((row) => {"
"src\screens\chat\ChatSetting.tsx","1237",".from('chat_members')",".select('*')         .eq('room_id', roomId)         .eq('user_id', user.id)         .single();"
"src\screens\chat\ChatSetting.tsx","1238",".select('*')",".eq('room_id', roomId)         .eq('user_id', user.id)         .single();        if (memErr) throw memErr;"
"src\screens\chat\ChatSetting.tsx","1246",".from('chat_rooms')",".select('id, type, subtype, custom_title, cover_image_url, created_by, created_at')         .eq('id', roomId)         .single();        const { isSelf, isDM, isGroup, isOpen, isBeacon } = classifyRoom(roomInfo?.type, roomInfo?.subtype);"
"src\screens\chat\ChatSetting.tsx","1247",".select('id, type, subtype, custom_title, cover_image_url, created_by, created_at')",".eq('id', roomId)         .single();        const { isSelf, isDM, isGroup, isOpen, isBeacon } = classifyRoom(roomInfo?.type, roomInfo?.subtype);       const serverType = String(roomInfo?.type ?? '').trim().toLowerCase();"
"src\screens\chat\ChatSetting.tsx","1258",".from('chat_members')",".select('user_id, role, active, joined_at, left_at, open_profile_id, room_nickname, room_avatar_url, room_avatar_visible, room_status_message')         .eq('room_id', roomId);        // DM은 상대가 방을 나가도 내 채팅방 설정에서는 상대 정보와 인원수 2명이 유지되어야 한다.       // active=false는 상대의 퇴장 상태일 뿐, 내 DM 화면에서 상대를 숨기는 조건이 아니다."
"src\screens\chat\ChatSetting.tsx","1259",".select('user_id, role, active, joined_at, left_at, open_profile_id, room_nickname, room_avatar_url, room_avatar_visible, room_status_message')",".eq('room_id', roomId);        // DM은 상대가 방을 나가도 내 채팅방 설정에서는 상대 정보와 인원수 2명이 유지되어야 한다.       // active=false는 상대의 퇴장 상태일 뿐, 내 DM 화면에서 상대를 숨기는 조건이 아니다.       if (currentRoomType !== 'dm') {"
"src\screens\chat\ChatSetting.tsx","1274",".from('profiles')",".select('user_id, nickname, avatar_url, follow_id, setting_lang, view_lang, preferred_lang, translation_tier, translation_tone_default, user_tier')         .in('user_id', userIds);        const pMap = new Map<string, any>();       (profiles || []).forEach((p: any) => pMap.set(p.user_id, p));"
"src\screens\chat\ChatSetting.tsx","1275",".select('user_id, nickname, avatar_url, follow_id, setting_lang, view_lang, preferred_lang, translation_tier, translation_tone_default, user_tier')",".in('user_id', userIds);        const pMap = new Map<string, any>();       (profiles || []).forEach((p: any) => pMap.set(p.user_id, p));"
"src\screens\chat\ChatSetting.tsx","1492",".from('chat_members')",".update({ [field]: value })         .eq('room_id', roomId)         .eq('user_id', info.myId);        await syncChatRooms();"
"src\screens\chat\ChatSetting.tsx","1519",".from('chat_members')",".update(memberPatch)           .eq('room_id', roomId)           .eq('user_id', info.myId);       } catch {}     }"
"src\screens\chat\ChatSetting.tsx","1565","await supabase.from('profiles').update({ view_lang: next }).eq('user_id', info.myId);","}     } catch {}   };    const handleChangePreferredLang = async (lang: string) => {"
"src\screens\chat\ChatSetting.tsx","1580",".from('chat_members')",".update({ send_lang_override: sendOverride })         .eq('room_id', roomId)         .eq('user_id', info.myId);     } catch {}"
"src\screens\chat\ChatSetting.tsx","1751","const { error } = await supabase.rpc('clear_room_secure_attention', {","p_room_id: numericRoomId,       });        if (error) {         console.warn('[chat-setting][clear_secure_attention_failed]', {"
"src\screens\chat\ChatSetting.tsx","2013","const { error } = await supabase.rpc(leaveRpc, {","p_room_id: nextRoomId,       });        if (error) throw error;"
"src\screens\chat\Collection.tsx","406","return Array.from(","new Set(       matches         .map((url) => url.replace(/[),.]+$/g, '').trim())         .filter(Boolean),     ),"
"src\screens\chat\Collection.tsx","590","return Array.from(new Set(values.map(asString).filter(Boolean) as string[]));","}  async function createSignedUrl(bucket?: string | null, key?: string | null) {   if (!bucket || !key) return null;"
"src\screens\chat\Collection.tsx","597","const { data, error } = await supabase.storage.from(bucket).createSignedUrl(key, 60);","if (error || !data?.signedUrl) return null;     return data.signedUrl;   } catch {     return null;   }"
"src\screens\chat\Collection.tsx","608",".from('chat_messages')",".select('*')       .eq('room_id', roomId)       .order('created_at', { ascending: false })       .limit(900);"
"src\screens\chat\Collection.tsx","609",".select('*')",".eq('room_id', roomId)       .order('created_at', { ascending: false })       .limit(900);      return data ?? [];"
"src\screens\chat\Collection.tsx","623",".from('chat_messages')",".select('*')       .eq('room_id', roomId)       .eq('is_notice', true)       .order('notice_pinned_at', { ascending: false, nullsFirst: false })       .order('created_at', { ascending: false })"
"src\screens\chat\Collection.tsx","624",".select('*')",".eq('room_id', roomId)       .eq('is_notice', true)       .order('notice_pinned_at', { ascending: false, nullsFirst: false })       .order('created_at', { ascending: false })       .limit(300);"
"src\screens\chat\Collection.tsx","685","const messageUids = Array.from(","new Set(activeBookmarks.map((row) => firstString(row.message_uid, row.messageUid)).filter(Boolean) as string[]),     ).slice(0, 500);      let messageMap = new Map<string, DBRow>();"
"src\screens\chat\Collection.tsx","730",".from('chat_message_bookmarks')",".select('*')       .eq('room_id', roomId)       .is('deleted_at', null)       .order('updated_at', { ascending: false })       .limit(500);"
"src\screens\chat\Collection.tsx","731",".select('*')",".eq('room_id', roomId)       .is('deleted_at', null)       .order('updated_at', { ascending: false })       .limit(500);"
"src\screens\chat\Collection.tsx","739","const messageUids = Array.from(","new Set(bookmarkRows.map((row: any) => firstString(row.message_uid, row.messageUid)).filter(Boolean) as string[]),     ).slice(0, 500);      if (messageUids.length === 0) {       return bookmarkRows.map((bookmark: any) => ({"
"src\screens\chat\Collection.tsx","754",".from('chat_messages')",".select('*')       .eq('room_id', roomId)       .in('message_uid', messageUids)       .limit(500);"
"src\screens\chat\Collection.tsx","755",".select('*')",".eq('room_id', roomId)       .in('message_uid', messageUids)       .limit(500);      const messageMap = new Map("
"src\screens\chat\Collection.tsx","866","const uniqueKeys = Array.from(new Set(translationKeys)).slice(0, 500);","if (uniqueKeys.length === 0) return out;      const messageCollection = database.get<any>('messages');      await Promise.all("
"src\screens\chat\Collection.tsx","2205","return Array.from(map.entries()).map(([date, rows]) => ({ date, rows }));","}  function EmptyState({   ui,   icon: Icon,"
"src\screens\chat\Collection.tsx","2918",".from('chat_rooms')",".select('type, subtype')           .eq('id', roomId)           .single();          if (!alive) return;"
"src\screens\chat\Collection.tsx","2919",".select('type, subtype')",".eq('id', roomId)           .single();          if (!alive) return;"
"src\screens\chat\Collection.tsx","3018","setFileRows(Array.from(files.values()));","setLinkRows(Array.from(links.values()));     setNoticeRows(Array.from(notices.values()).sort(sortNoticeItemsDesc));     setScheduleRows(Array.from(schedules.values()).sort(sortScheduleItemsAsc));     setBookmarkRows(Array.from(bookmarks.values()).sort(sortBookmarkItemsDesc));     setLoading(false);"
"src\screens\chat\Collection.tsx","3019","setLinkRows(Array.from(links.values()));","setNoticeRows(Array.from(notices.values()).sort(sortNoticeItemsDesc));     setScheduleRows(Array.from(schedules.values()).sort(sortScheduleItemsAsc));     setBookmarkRows(Array.from(bookmarks.values()).sort(sortBookmarkItemsDesc));     setLoading(false);   }, [me, roomId]);"
"src\screens\chat\Collection.tsx","3020","setNoticeRows(Array.from(notices.values()).sort(sortNoticeItemsDesc));","setScheduleRows(Array.from(schedules.values()).sort(sortScheduleItemsAsc));     setBookmarkRows(Array.from(bookmarks.values()).sort(sortBookmarkItemsDesc));     setLoading(false);   }, [me, roomId]);"
"src\screens\chat\Collection.tsx","3021","setScheduleRows(Array.from(schedules.values()).sort(sortScheduleItemsAsc));","setBookmarkRows(Array.from(bookmarks.values()).sort(sortBookmarkItemsDesc));     setLoading(false);   }, [me, roomId]);    useEffect(() => {"
"src\screens\chat\Collection.tsx","3022","setBookmarkRows(Array.from(bookmarks.values()).sort(sortBookmarkItemsDesc));","setLoading(false);   }, [me, roomId]);    useEffect(() => {     void loadAll();"
"src\screens\chat\Invite.theme.ts","39",": (Platform.select({","ios: {           shadowColor: '#000000',           shadowOffset: { width: 0, height: 2 },           shadowOpacity: 0.05,           shadowRadius: 8,"
"src\screens\chat\Invite.tsx","219","return Array.from(","new Set(values.map((v) => String(v ?? '').trim()).filter(Boolean)),   ); }  function profileKey(row: ProfileRow): string | null {"
"src\screens\chat\Invite.tsx","262",".from('profiles')",".select('id,user_id,nickname,follow_id,avatar_url')       .in('user_id', ids),     supabase       .from('profiles')       .select('id,user_id,nickname,follow_id,avatar_url')"
"src\screens\chat\Invite.tsx","263",".select('id,user_id,nickname,follow_id,avatar_url')",".in('user_id', ids),     supabase       .from('profiles')       .select('id,user_id,nickname,follow_id,avatar_url')       .in('id', ids),"
"src\screens\chat\Invite.tsx","266",".from('profiles')",".select('id,user_id,nickname,follow_id,avatar_url')       .in('id', ids),   ]);    const absorb = (result: PromiseSettledResult<any>) => {"
"src\screens\chat\Invite.tsx","267",".select('id,user_id,nickname,follow_id,avatar_url')",".in('id', ids),   ]);    const absorb = (result: PromiseSettledResult<any>) => {     if (result.status !== 'fulfilled') return;"
"src\screens\chat\Invite.tsx","551",".from('chat_rooms')",".select('type,room_type,subtype')       .eq('id', roomId)       .maybeSingle();      const roomKind = resolveRoomType({"
"src\screens\chat\Invite.tsx","552",".select('type,room_type,subtype')",".eq('id', roomId)       .maybeSingle();      const roomKind = resolveRoomType({       type: data?.type ?? data?.room_type,"
"src\screens\chat\Invite.tsx","584",".from('chat_rooms')",".select('type,room_type,subtype')         .eq('id', roomId)         .maybeSingle();        const roomKind = resolveRoomType({"
"src\screens\chat\Invite.tsx","585",".select('type,room_type,subtype')",".eq('id', roomId)         .maybeSingle();        const roomKind = resolveRoomType({         type: roomData?.type ?? roomData?.room_type,"
"src\screens\chat\Invite.tsx","597",".from('chat_members')",".select('user_id, role, active, left_at')         .eq('room_id', roomId)         .eq('active', true)         .is('left_at', null);"
"src\screens\chat\Invite.tsx","598",".select('user_id, role, active, left_at')",".eq('room_id', roomId)         .eq('active', true)         .is('left_at', null);        if (memberErr) throw memberErr;"
"src\screens\chat\Invite.tsx","621","await supabase.rpc('list_invitable_friends_from_meta_v1', {","p_room_id: roomIdNum,         });        if (invitableErr) throw invitableErr;"
"src\screens\chat\Invite.tsx","697","const { error } = await supabase.rpc('invite_group_members_v1', {","p_room_id: roomIdNum,         p_member_ids: ids,       });        if (error) throw error;"
"src\screens\chat\Invite.tsx","730","const { data: createdRoomId, error: roomErr } = await supabase.rpc(","'create_chat_room_with_members',         {           p_room_type: 'group',           p_title: title,           p_member_ids: memberIdsForRpc,"
"src\screens\chat\List.theme.ts","11",": (Platform.select({","ios: {           shadowColor: '#000000',           shadowOffset: { width: 0, height: 1 },           shadowOpacity: 0.06,           shadowRadius: 2,"
"src\screens\chat\List.tsx","589",".from('chat_messages')",".select('room_seq')     .eq('room_id', roomId)     .order('room_seq', { ascending: false })     .limit(1)     .maybeSingle();"
"src\screens\chat\List.tsx","590",".select('room_seq')",".eq('room_id', roomId)     .order('room_seq', { ascending: false })     .limit(1)     .maybeSingle();"
"src\screens\chat\List.tsx","689","const roomIds = Array.from(","new Set(         sourceRooms           .map((room) => toPositiveNumber(room.id))           .filter((id): id is number => Boolean(id)),       ),"
"src\screens\chat\List.tsx","720",".from('chat_members')",".select('room_id,last_msg_at,visible,theme_override,is_input_locked')             .eq('user_id', userId)             .in('room_id', part);            (selfRows ?? []).forEach((row: any) => {"
"src\screens\chat\List.tsx","721",".select('room_id,last_msg_at,visible,theme_override,is_input_locked')",".eq('user_id', userId)             .in('room_id', part);            (selfRows ?? []).forEach((row: any) => {             const roomId = String(row?.room_id ?? '').trim();"
"src\screens\chat\List.tsx","745","const { data: rpcRows, error: rpcError } = await supabase.rpc(","'get_chat_room_member_counts',               { p_room_ids: countRoomIds },             );              if (!rpcError) {"
"src\screens\chat\List.tsx","763",".from('chat_members')",".select('room_id,user_id,active,left_at')                 .in('room_id', countRoomIds);                const sets: Record<string, Set<string>> = {};               (memberRows ?? []).forEach((row: any) => {"
"src\screens\chat\List.tsx","764",".select('room_id,user_id,active,left_at')",".in('room_id', countRoomIds);                const sets: Record<string, Set<string>> = {};               (memberRows ?? []).forEach((row: any) => {                 if (row?.active === false || row?.left_at != null) return;"
"src\screens\chat\List.tsx","1083",".from('profiles')",".select('nickname, display_name, full_name, name, username, handle')             .eq('user_id', user.id)             .maybeSingle();            nextName = resolveProfileDisplayName(profile);"
"src\screens\chat\List.tsx","1084",".select('nickname, display_name, full_name, name, username, handle')",".eq('user_id', user.id)             .maybeSingle();            nextName = resolveProfileDisplayName(profile);         }"
"src\screens\chat\List.tsx","1346",".from('chat_members')",".select('room_id,active,left_at,visible,theme_override,is_input_locked')         .eq('room_id', roomId)         .eq('user_id', userId)         .maybeSingle();"
"src\screens\chat\List.tsx","1347",".select('room_id,active,left_at,visible,theme_override,is_input_locked')",".eq('room_id', roomId)         .eq('user_id', userId)         .maybeSingle();        if (error) return true;"
"src\screens\chat\List.tsx","1534",".from('chat_members')",".update({ is_pinned: next })           .eq('room_id', roomId)           .eq('user_id', userId);          if (error) throw error;"
"src\screens\chat\List.tsx","1598",".from('chat_members')",".update({ notification_level: next ? 'mute' : 'default' })           .eq('room_id', roomId)           .eq('user_id', userId);          if (error) throw error;"
"src\screens\chat\List.tsx","1654","const { error } = await supabase.rpc('mark_room_read_to_seq', {","p_room_id: numericRoomId,           p_last_read_seq: latestSeq,           p_seen_at: new Date().toISOString(),         });"
"src\screens\chat\List.tsx","1699","const { error } = await supabase.rpc(leaveRpc, {","p_room_id: roomId,         });          if (error) throw error;"
"src\screens\chat\Members.tsx","31",".from('room_members')",".select('id,user_id,role,profiles(nickname,avatar_url)')         .eq('room_id', roomId);       if (error) throw error;        const parsed = (data ?? []).map((r: any) => ({"
"src\screens\chat\Members.tsx","32",".select('id,user_id,role,profiles(nickname,avatar_url)')",".eq('room_id', roomId);       if (error) throw error;        const parsed = (data ?? []).map((r: any) => ({         id: r.id,"
"src\screens\chat\OpenChatProfileEdit.tsx","161","return Array.from(","new Set(       String(value ?? '')         .split(/[#,/\n]/)         .map((tag) => tag.trim().replace(/^#+/, '').toLowerCase())         .filter((tag) => tag.length > 0)"
"src\screens\chat\OpenChatProfileEdit.tsx","297","const { data, error } = await supabase.rpc('get_open_chat_room_profile_v1', {","p_room_id: roomId,         });         if (error) throw error;         if (!alive) return;"
"src\screens\chat\OpenChatProfileEdit.tsx","384","const { error } = await supabase.rpc('update_open_chat_room_profile_v1', {","p_room_id: roomId,         p_title: safeTitle,         p_description: description.trim(),         p_tags: normalizedTags,         p_category: null,"
"src\screens\chat\OpenChatProfileViewer.tsx","331","const memberUserIds = Array.from(new Set([targetUserId, myUserId].filter(Boolean)));","const { data, error } = await supabase         .from('chat_members')         .select('user_id, role, open_profile_id, room_nickname, room_avatar_url, room_avatar_visible, room_status_message')         .eq('room_id', roomId)"
"src\screens\chat\OpenChatProfileViewer.tsx","334",".from('chat_members')",".select('user_id, role, open_profile_id, room_nickname, room_avatar_url, room_avatar_visible, room_status_message')         .eq('room_id', roomId)         .in('user_id', memberUserIds)         .eq('active', true);"
"src\screens\chat\OpenChatProfileViewer.tsx","335",".select('user_id, role, open_profile_id, room_nickname, room_avatar_url, room_avatar_visible, room_status_message')",".eq('room_id', roomId)         .in('user_id', memberUserIds)         .eq('active', true);        if (cancelled || error || !Array.isArray(data)) return;"
"src\screens\chat\OpenChatProfileViewer.tsx","493","const { error } = await supabase.rpc(rpcName, {","p_room_id: roomId,       p_target_user_id: targetUserId,       ...(extra ?? {}),     });     if (error) throw error;"
"src\screens\chat\OpenChatProfileViewer.tsx","504","const { error } = await supabase.rpc(nextBlocked ? 'block_user_v1' : 'unblock_user_v1', {","p_target_user_id: targetUserId,       p_room_id: Number.isFinite(roomId ?? NaN) ? roomId : null,     });     if (error) throw error;     setBlocked(nextBlocked);"
"src\screens\chat\OpenChatProfileViewer.tsx","556",".from('open_profiles')",".update({           avatar_url: input.avatarUrl,           status_message: input.statusMessage,           updated_at: new Date().toISOString(),         })"
"src\screens\chat\OpenChatProfileViewer.tsx","569",".from('chat_members')",".update({         room_avatar_url: input.avatarUrl,         room_status_message: input.statusMessage,         room_avatar_visible: input.avatarVisible,         room_profile_updated_at: new Date().toISOString(),"
"src\screens\chat\OpenChatProfileViewer.tsx","614","const { error } = await supabase.rpc(rpcName, {","p_room_id: roomId,         p_open_profile_id: openProfileId || null,         p_avatar_url: payload.avatarUrl,         p_status_message: payload.statusMessage,         p_avatar_visible: payload.avatarVisible,"
"src\screens\collection\hooks\usePostCollectionData.ts","150","return orderPostsBySourceIds(Array.from(byId.values()), sourcePostIds);","};  const findInitialTabId = (   entryTabId: string | null | undefined,   collectionTitle: string | undefined,"
"src\screens\collection\hooks\usePostCollectionData.ts","177","const authorIds = Array.from(","new Set(sourcePosts.map((post) => normalizeId(post.user_id)).filter(Boolean)),   );    if (authorIds.length === 0) return sourcePosts;"
"src\screens\collection\hooks\usePostCollectionData.ts","187",".from('profiles')",".select('user_id,id,nickname,avatar_url,follow_id')     .in('user_id', authorIds);    ((profiles ?? []) as AuthorProfileRow[]).forEach((profile) => {     const key = getProfileKey(profile);"
"src\screens\collection\hooks\usePostCollectionData.ts","188",".select('user_id,id,nickname,avatar_url,follow_id')",".in('user_id', authorIds);    ((profiles ?? []) as AuthorProfileRow[]).forEach((profile) => {     const key = getProfileKey(profile);     if (key) profileMap.set(key, profile);"
"src\screens\collection\hooks\usePostCollectionData.ts","200",".from('friend_meta')",".select('friend_user_id,alias,is_friend')         .eq('owner_user_id', viewerId)         .in('friend_user_id', friendAuthorIds)         .eq('is_friend', true);"
"src\screens\collection\hooks\usePostCollectionData.ts","201",".select('friend_user_id,alias,is_friend')",".eq('owner_user_id', viewerId)         .in('friend_user_id', friendAuthorIds)         .eq('is_friend', true);        ((friendMeta ?? []) as FriendMetaRow[]).forEach((row) => {"
"src\screens\collection\hooks\usePostCollectionData.ts","344",".from('profiles')",".select('nickname,avatar_url,follow_id')       .eq('user_id', nextMyId)       .maybeSingle();      setMyProfile((profile as ProfileLite | null) ?? null);"
"src\screens\collection\hooks\usePostCollectionData.ts","345",".select('nickname,avatar_url,follow_id')",".eq('user_id', nextMyId)       .maybeSingle();      setMyProfile((profile as ProfileLite | null) ?? null);     return nextMyId;"
"src\screens\collection\hooks\usePostCollectionData.ts","360",".from('profile_tabs')",".select('id,name,is_hidden')       .eq('user_id', params.user_id)       .order('sort_order', { ascending: true });      if (error) {"
"src\screens\collection\hooks\usePostCollectionData.ts","361",".select('id,name,is_hidden')",".eq('user_id', params.user_id)       .order('sort_order', { ascending: true });      if (error) {       console.warn('[PostCollectionViewer] tabs load failed', error.message);"
"src\screens\collection\hooks\usePostCollectionData.ts","426",".from('posts')",".select(`             id,             user_id,             tab_id,             business_id,"
"src\screens\collection\hooks\usePostCollectionData.ts","427",".select(`","id,             user_id,             tab_id,             business_id,             caption,"
"src\screens\collection\hooks\usePostCollectionData.ts","481",".from('post_likes')",".select('post_id')             .eq('user_id', currentMyId)             .in('post_id', postIds);            (likes ?? []).forEach((like: { post_id: string }) => likedSet.add(like.post_id));"
"src\screens\collection\hooks\usePostCollectionData.ts","482",".select('post_id')",".eq('user_id', currentMyId)             .in('post_id', postIds);            (likes ?? []).forEach((like: { post_id: string }) => likedSet.add(like.post_id));         }"
"src\screens\friends\api\friends.read.ts","53","const { data, error } = await supabase.rpc(fn, args ?? {});","if (error) throw error;   return data as T; }  function safeNickname(value: string | null | undefined) {"
"src\screens\friends\api\friends.read.ts","80","return Array.from(map.values());","}  function buildSections(merged: FriendRow[]): FriendSection[] {   const birthdayList = merged.filter((r) => isBirthdaySoon(r.birthdate));   const birthdayIds = new Set(birthdayList.map((r) => r.user_id));"
"src\screens\friends\api\friends.read.ts","110",".from('friend_meta')",".select('friend_user_id,alias,memo,is_favorite,is_hidden,is_friend,updated_at')     .eq('owner_user_id', myId)     .eq('is_friend', true);    if (error) throw error;"
"src\screens\friends\api\friends.read.ts","111",".select('friend_user_id,alias,memo,is_favorite,is_hidden,is_friend,updated_at')",".eq('owner_user_id', myId)     .eq('is_friend', true);    if (error) throw error;"
"src\screens\friends\api\friends.read.ts","131","const ids = Array.from(new Set(userIds.map((id) => String(id ?? '').trim()).filter(Boolean)));","if (!ids.length) return [];    // CO·ONN 코드베이스에 profiles.user_id 기준 파일이 많지만,   // 일부 SQL/서버 조인은 profiles.id를 기준으로 잡혀 있었다.   // 그래서 user_id 조회를 먼저 시도하고, 실패하면 id 기준으로 즉시 fallback 한다."
"src\screens\friends\api\friends.read.ts","138",".from('profiles')",".select('user_id,nickname,email,avatar_url,status_message,birthdate,phone_number,follow_id,friend_code')     .in('user_id', ids);    if (!byUserId.error) {     return ((byUserId.data ?? []) as any[]).map((p) => ({"
"src\screens\friends\api\friends.read.ts","139",".select('user_id,nickname,email,avatar_url,status_message,birthdate,phone_number,follow_id,friend_code')",".in('user_id', ids);    if (!byUserId.error) {     return ((byUserId.data ?? []) as any[]).map((p) => ({       user_id: String(p.user_id),"
"src\screens\friends\api\friends.read.ts","157",".from('profiles')",".select('id,nickname,email,avatar_url,status_message,birthdate,phone_number,follow_id,friend_code')     .in('id', ids);    if (byId.error) throw byId.error;"
"src\screens\friends\api\friends.read.ts","158",".select('id,nickname,email,avatar_url,status_message,birthdate,phone_number,follow_id,friend_code')",".in('id', ids);    if (byId.error) throw byId.error;    return ((byId.data ?? []) as any[]).map((p) => ({"
"src\screens\friends\api\friends.read.ts","237","const { data, error } = await supabase.rpc(fn, args);","if (!error && Array.isArray(data)) return data as GroupMemberRow[];   }    return null; }"
"src\screens\friends\api\friends.read.ts","252",".from('user_label_members')",".select('member_user_id,target_user_id')       .eq('user_id', myId)       .eq('label_id', labelId),     loadFriendMetaRows(myId),   ]);"
"src\screens\friends\api\friends.read.ts","253",".select('member_user_id,target_user_id')",".eq('user_id', myId)       .eq('label_id', labelId),     loadFriendMetaRows(myId),   ]);"
"src\screens\friends\api\friends.read.ts","266","const memberIds = Array.from(","new Set(       (memberRes.data ?? [])         .map((row: any) => String(row.member_user_id ?? row.target_user_id ?? ''))         .filter((id) => !!id && id !== myId && friendMetaMap.has(id)),     ),"
"src\screens\friends\api\friends.write.ts","5","const { data, error } = await supabase.rpc(fn, args ?? {});","if (error) throw error;   return data as T; }  async function getCurrentUserId() {"
"src\screens\friends\api\friends.write.ts","44",".from('friend_meta')",".delete()     .eq('owner_user_id', ownerUserId)     .eq('friend_user_id', friendUserId)     .eq('is_friend', false);"
"src\screens\friends\api\friends.write.ts","53",".from('friend_meta')",".upsert(       {         owner_user_id: ownerUserId,         friend_user_id: friendUserId,         is_friend: true,"
"src\screens\friends\api\friends.write.ts","63",".select()",".maybeSingle();    if (error) throw error;    await forceRefreshGroups();"
"src\screens\friends\api\friends.write.ts","143",".from('friend_meta')",".delete()     .eq('owner_user_id', ownerUserId)     .eq('friend_user_id', friendUserId);    if (error) throw error;"
"src\screens\friends\components\FriendActionSheet.theme.ts","9",": (Platform.select({","ios: {           shadowColor: '#000000',           shadowOffset: { width: 0, height: -4 },           shadowOpacity: 0.08,           shadowRadius: 14,"
"src\screens\friends\components\FriendCommunicationSheet.theme.ts","9",": (Platform.select({","ios: {           shadowColor: '#000000',           shadowOffset: { width: 0, height: -4 },           shadowOpacity: 0.08,           shadowRadius: 14,"
"src\screens\friends\components\GroupActionSheet.theme.ts","9",": (Platform.select({","ios: {           shadowColor: '#000000',           shadowOffset: { width: 0, height: -4 },           shadowOpacity: 0.08,           shadowRadius: 14,"
"src\screens\friends\Add.theme.ts","9","return Platform.select({","ios: {       shadowColor: '#000000',       shadowOffset: { width: 0, height: 2 },       shadowOpacity: 0,       shadowRadius: 0,"
"src\screens\friends\Add.tsx","260","const { data, error } = await supabase.rpc(fn, args ?? {});","if (error) throw error;   return data as T; }  async function ensureSessionUserId() {"
"src\screens\friends\Add.tsx","289",".from('friend_meta')",".delete()     .eq('owner_user_id', ownerId)     .eq('friend_user_id', targetId)     .eq('is_friend', false);"
"src\screens\friends\Add.tsx","297","const { error } = await supabase.from('friend_meta').upsert(","{       owner_user_id: ownerId,       friend_user_id: targetId,       is_friend: true,       is_hidden: false,"
"src\screens\friends\Add.tsx","318",".from('profile_follows')",".select('status')     .eq('follower_id', followerId)     .eq('following_id', targetId)     .maybeSingle();"
"src\screens\friends\Add.tsx","319",".select('status')",".eq('follower_id', followerId)     .eq('following_id', targetId)     .maybeSingle();    if (existing.error) throw existing.error;"
"src\screens\friends\Add.tsx","330",".from('profile_follows')",".update({ status: 'accepted' })       .eq('follower_id', followerId)       .eq('following_id', targetId);      if (error) throw error;"
"src\screens\friends\Add.tsx","339","const inserted = await supabase.from('profile_follows').insert({","follower_id: followerId,     following_id: targetId,     status: 'accepted',   });"
"src\screens\friends\Add.tsx","349",".from('profile_follows')",".update({ status: 'accepted' })     .eq('follower_id', followerId)     .eq('following_id', targetId)     .select('status')     .maybeSingle();"
"src\screens\friends\Add.tsx","353",".select('status')",".maybeSingle();    if (fallback.error || !fallback.data) throw inserted.error; }"
"src\screens\friends\Add.tsx","500","const deduped = Array.from(new Map(items.map((item) => [item.id, item])).values());","if (mode === 'friendCode') {     const nq = normalizeCode(q);     return deduped.filter((item) => normalizeCode(item.friend_code) === nq);   }"
"src\screens\friends\Add.tsx","687","const targetIds = Array.from(","new Set(         items           .map((item) => String(item.id ?? '').trim())           .filter((id) => !!id && id !== myId),       ),"
"src\screens\friends\Add.tsx","703",".from('profile_follows')",".select('following_id,status')       .eq('follower_id', myId)       .in('following_id', targetIds);      if (error) throw error;"
"src\screens\friends\Add.tsx","704",".select('following_id,status')",".eq('follower_id', myId)       .in('following_id', targetIds);      if (error) throw error;"
"src\screens\friends\Add.tsx","736",".from('profiles')",".select('id,user_id,nickname,follow_id,friend_code,phone_number,avatar_url')       .or(`id.eq.${userId},user_id.eq.${userId}`)       .limit(1)       .maybeSingle();"
"src\screens\friends\Add.tsx","737",".select('id,user_id,nickname,follow_id,friend_code,phone_number,avatar_url')",".or(`id.eq.${userId},user_id.eq.${userId}`)       .limit(1)       .maybeSingle();      if (profileError) throw profileError;"
"src\screens\friends\Add.tsx","749",".from('friend_blocks')",".select('user_id,target_id')         .or(`and(user_id.eq.${myId},target_id.eq.${resolvedId}),and(user_id.eq.${resolvedId},target_id.eq.${myId})`),       supabase         .from('friend_meta')         .select('is_friend')"
"src\screens\friends\Add.tsx","750",".select('user_id,target_id')",".or(`and(user_id.eq.${myId},target_id.eq.${resolvedId}),and(user_id.eq.${resolvedId},target_id.eq.${myId})`),       supabase         .from('friend_meta')         .select('is_friend')         .eq('owner_user_id', myId)"
"src\screens\friends\Add.tsx","753",".from('friend_meta')",".select('is_friend')         .eq('owner_user_id', myId)         .eq('friend_user_id', resolvedId)         .maybeSingle(),       supabase"
"src\screens\friends\Add.tsx","754",".select('is_friend')",".eq('owner_user_id', myId)         .eq('friend_user_id', resolvedId)         .maybeSingle(),       supabase         .from('profile_follows')"
"src\screens\friends\Add.tsx","759",".from('profile_follows')",".select('status')         .eq('follower_id', myId)         .eq('following_id', resolvedId)         .maybeSingle(),     ]);"
"src\screens\friends\Add.tsx","760",".select('status')",".eq('follower_id', myId)         .eq('following_id', resolvedId)         .maybeSingle(),     ]);"
"src\screens\friends\Add.tsx","996","const deduped = Array.from(new Map(rows.map((r) => [`${r.id}:${r.phone}`, r])).values());","setContacts(deduped);       contactsLoadedRef.current = true;     } catch (e: any) {       showAlert(t('friends:add.alert.contactsLoadFail'), safeMsg(e).slice(0, 200), 'danger');     } finally {"
"src\screens\friends\GroupMembers.theme.ts","9","return Platform.select({","ios: {       shadowColor: '#000000',       shadowOffset: { width: 0, height: 2 },       shadowOpacity: 0.04,       shadowRadius: 10,"
"src\screens\friends\Groups.theme.ts","9","return Platform.select({","ios: {       shadowColor: '#000000',       shadowOffset: { width: 0, height: 2 },       shadowOpacity: 0.04,       shadowRadius: 10,"
"src\screens\friends\List.theme.ts","9",": (Platform.select({","ios: {           shadowColor: '#000000',           shadowOffset: { width: 0, height: 1 },           shadowOpacity: 0.06,           shadowRadius: 2,"
"src\screens\friends\List.tsx","125",".from('profile_follows')",".select('status')     .eq('follower_id', followerId)     .eq('following_id', targetId)     .maybeSingle();"
"src\screens\friends\List.tsx","126",".select('status')",".eq('follower_id', followerId)     .eq('following_id', targetId)     .maybeSingle();    if (existing.error) throw existing.error;"
"src\screens\friends\List.tsx","135",".from('profile_follows')",".update({ status: 'accepted' })       .eq('follower_id', followerId)       .eq('following_id', targetId);      if (error) throw error;"
"src\screens\friends\List.tsx","144","const inserted = await supabase.from('profile_follows').insert({","follower_id: followerId,     following_id: targetId,     status: 'accepted',   });"
"src\screens\friends\List.tsx","153",".from('profile_follows')",".update({ status: 'accepted' })     .eq('follower_id', followerId)     .eq('following_id', targetId)     .select('status')     .maybeSingle();"
"src\screens\friends\List.tsx","157",".select('status')",".maybeSingle();    if (fallback.error || !fallback.data) throw inserted.error; }"
"src\screens\friends\List.tsx","164","const ids = Array.from(new Set(userIds.map((id) => String(id ?? '').trim()).filter(Boolean)));","if (!ids.length) return {};    const byUserId = await supabase     .from('profiles')     .select('user_id,nickname,avatar_url,follow_id')"
"src\screens\friends\List.tsx","168",".from('profiles')",".select('user_id,nickname,avatar_url,follow_id')     .in('user_id', ids as any);    if (!byUserId.error) {     const map: Record<string, FollowProfileRow> = {};"
"src\screens\friends\List.tsx","169",".select('user_id,nickname,avatar_url,follow_id')",".in('user_id', ids as any);    if (!byUserId.error) {     const map: Record<string, FollowProfileRow> = {};     for (const p of (byUserId.data ?? []) as any[]) {"
"src\screens\friends\List.tsx","188",".from('profiles')",".select('id,nickname,avatar_url,follow_id')     .in('id', ids as any);    if (byId.error) throw byId.error;"
"src\screens\friends\List.tsx","189",".select('id,nickname,avatar_url,follow_id')",".in('id', ids as any);    if (byId.error) throw byId.error;    const map: Record<string, FollowProfileRow> = {};"
"src\screens\friends\List.tsx","267","return Array.from(map.values()).sort((a, b) =>","(a.nickname || '').localeCompare(b.nickname || '', 'ko'),   ); }  function withFriendRenderKey(sectionKey: string, rows: FriendRowType[]) {"
"src\screens\friends\List.tsx","470",".from('profile_follows')",".select('follower_id,following_id,status,created_at')         .eq(activeMode === 'following' ? 'follower_id' : 'following_id', myId)         .eq('status', 'accepted');        const { data: followData, error } = await query;"
"src\screens\friends\List.tsx","471",".select('follower_id,following_id,status,created_at')",".eq(activeMode === 'following' ? 'follower_id' : 'following_id', myId)         .eq('status', 'accepted');        const { data: followData, error } = await query;       if (error) throw error;"
"src\screens\friends\List.tsx","488",".from('profile_follows')",".select('following_id,status')           .eq('follower_id', myId)           .in('following_id', targetIds as any)           .eq('status', 'accepted');"
"src\screens\friends\List.tsx","489",".select('following_id,status')",".eq('follower_id', myId)           .in('following_id', targetIds as any)           .eq('status', 'accepted');          if (myFollowError) throw myFollowError;"
"src\screens\friends\List.tsx","695",".from('profile_follows')",".delete()             .eq('follower_id', myId)             .eq('following_id', row.user_id);            if (error) throw error;"
"src\screens\home\components\AIBanner.tsx","178","const arr = Array.from(selected);","return arr.length ? arr : undefined; }  function legacyCopyToRule(c: LegacyCopy): AICopyRule | null {   const text = (c.headline ?? '').trim();"
"src\screens\home\components\IntegratedScheduleSheet.theme.ts","11",": (Platform.select({","ios: {           shadowColor: '#000000',           shadowOffset: { width: 0, height: -4 },           shadowOpacity: 0.08,           shadowRadius: 18,"
"src\screens\home\components\IntegratedScheduleSheet.tsx","164","return Array.from(grouped.values());","};  export default function IntegratedScheduleSheet({ visible, onClose }: Props) {   const navigation = useNavigation<any>();   const insets = useSafeAreaInsets();"
"src\screens\home\Main.theme.ts","22",": (Platform.select({","ios: {           shadowColor: '#000000',           shadowOffset: { width: 0, height: 1 },           shadowOpacity: 0.06,           shadowRadius: 2,"
"src\screens\home\Main.tsx","198","Array.from(","new Set(values.map((v) => String(v ?? """").trim()).filter(Boolean)),   );  const intersectIds = (baseIds: string[], allowedIds: string[]) => {   if (baseIds.length === 0 || allowedIds.length === 0) return [];"
"src\screens\home\Main.tsx","427",".from(""chat_members"")",".select(""room_id,active"")     .eq(""user_id"", userId);    if (memErr || !members || members.length === 0) return 0;   const roomIds = (members ?? [])"
"src\screens\home\Main.tsx","428",".select(""room_id,active"")",".eq(""user_id"", userId);    if (memErr || !members || members.length === 0) return 0;   const roomIds = (members ?? [])     .filter((m: any) => m.active !== false)"
"src\screens\home\Main.tsx","439","const { data, error } = await supabase.rpc(""get_my_unreads"", {","p_room_ids: roomIds,     });     if (error || !data) return 0;     let total = 0;     for (const row of data as any[]) {"
"src\screens\home\Main.tsx","467",".from(""beacons_visible"")",".select(""id,lat,lng"")         .gte(""lat"", bb.minLat)         .lte(""lat"", bb.maxLat)         .gte(""lng"", bb.minLng)         .lte(""lng"", bb.maxLng)"
"src\screens\home\Main.tsx","468",".select(""id,lat,lng"")",".gte(""lat"", bb.minLat)         .lte(""lat"", bb.maxLat)         .gte(""lng"", bb.minLng)         .lte(""lng"", bb.maxLng)         .limit(500);"
"src\screens\home\Main.tsx","481",".from(""beacons"")",".select(""id,lat,lng,active,expires_at"")         .gte(""lat"", bb.minLat)         .lte(""lat"", bb.maxLat)         .gte(""lng"", bb.minLng)         .lte(""lng"", bb.maxLng)"
"src\screens\home\Main.tsx","482",".select(""id,lat,lng,active,expires_at"")",".gte(""lat"", bb.minLat)         .lte(""lat"", bb.maxLat)         .gte(""lng"", bb.minLng)         .lte(""lng"", bb.maxLng)         .limit(500);"
"src\screens\home\Main.tsx","500",".from(""beacons"")",".select(""id,lat,lng"")       .gte(""lat"", bb.minLat)       .lte(""lat"", bb.maxLat)       .gte(""lng"", bb.minLng)       .lte(""lng"", bb.maxLng)"
"src\screens\home\Main.tsx","501",".select(""id,lat,lng"")",".gte(""lat"", bb.minLat)       .lte(""lat"", bb.maxLat)       .gte(""lng"", bb.minLng)       .lte(""lng"", bb.maxLng)       .limit(500);"
"src\screens\home\Main.tsx","532",".from(""friend_meta"")",".select(""friend_user_id,is_friend"")       .eq(""owner_user_id"", uid)       .eq(""is_friend"", true),     supabase       .from(""friend_meta"")"
"src\screens\home\Main.tsx","533",".select(""friend_user_id,is_friend"")",".eq(""owner_user_id"", uid)       .eq(""is_friend"", true),     supabase       .from(""friend_meta"")       .select(""owner_user_id,is_friend"")"
"src\screens\home\Main.tsx","537",".from(""friend_meta"")",".select(""owner_user_id,is_friend"")       .eq(""friend_user_id"", uid)       .eq(""is_friend"", true),     supabase       .from(""profile_follows"")"
"src\screens\home\Main.tsx","538",".select(""owner_user_id,is_friend"")",".eq(""friend_user_id"", uid)       .eq(""is_friend"", true),     supabase       .from(""profile_follows"")       .select(""following_id"")"
"src\screens\home\Main.tsx","542",".from(""profile_follows"")",".select(""following_id"")       .eq(""follower_id"", uid)       .eq(""status"", ""accepted""),   ]);"
"src\screens\home\Main.tsx","543",".select(""following_id"")",".eq(""follower_id"", uid)       .eq(""status"", ""accepted""),   ]);    ((myFriendsRes as any)?.data ?? []).forEach((row: any) => {"
"src\screens\home\Main.tsx","562","myFriendIds: Array.from(myFriendIdSet),","authorsWhoAddedMeAsFriendIds: Array.from(authorsWhoAddedMeAsFriendIdSet),     followingIds: Array.from(followingIdSet),   }; }"
"src\screens\home\Main.tsx","563","authorsWhoAddedMeAsFriendIds: Array.from(authorsWhoAddedMeAsFriendIdSet),","followingIds: Array.from(followingIdSet),   }; }  async function fetchPostsByAuthorsAndVisibility(params: {"
"src\screens\home\Main.tsx","564","followingIds: Array.from(followingIdSet),","}; }  async function fetchPostsByAuthorsAndVisibility(params: {   authorIds: string[];"
"src\screens\home\Main.tsx","578",".from(""posts"")",".select(POST_SELECT)     .in(""user_id"", safeAuthorIds)     .eq(""visibility"", visibility)     .is(""deleted_at"", null)     .gte(""created_at"", getHomeFeedSinceIso())"
"src\screens\home\Main.tsx","579",".select(POST_SELECT)",".in(""user_id"", safeAuthorIds)     .eq(""visibility"", visibility)     .is(""deleted_at"", null)     .gte(""created_at"", getHomeFeedSinceIso())     .order(""created_at"", { ascending: false })"
"src\screens\home\Main.tsx","643",".from(""posts"")",".select(""id"", { count: ""exact"", head: true })     .in(""user_id"", safeAuthorIds)     .eq(""visibility"", visibility)     .is(""deleted_at"", null)     .gte(""created_at"", sinceIso);"
"src\screens\home\Main.tsx","644",".select(""id"", { count: ""exact"", head: true })",".in(""user_id"", safeAuthorIds)     .eq(""visibility"", visibility)     .is(""deleted_at"", null)     .gte(""created_at"", sinceIso);"
"src\screens\home\Main.tsx","779",".from(""chat_schedule_participants"")",".select(""schedule_id,user_id,status"")       .eq(""user_id"", userId)       .limit(500);      if (error) return [];"
"src\screens\home\Main.tsx","780",".select(""schedule_id,user_id,status"")",".eq(""user_id"", userId)       .limit(500);      if (error) return [];"
"src\screens\home\Main.tsx","791","return Array.from(new Set(ids));","} catch {     return [];   } }"
"src\screens\home\Main.tsx","811",".from(table)",".select(""id"", { count: ""exact"", head: true })       .in(""id"", safeIds)       .gte(timeColumn, startIso)       .lt(timeColumn, endIso);"
"src\screens\home\Main.tsx","812",".select(""id"", { count: ""exact"", head: true })",".in(""id"", safeIds)       .gte(timeColumn, startIso)       .lt(timeColumn, endIso);      if (!result.error) return Number(result.count ?? 0) || 0;"
"src\screens\home\Main.tsx","852",".from(""business_events_state_view"")",".select(""id,business_id,is_active,is_published,deleted_at,event_state"")       .in(""event_state"", [""ongoing"", ""draft""])       .limit(limit);      if (eventError || !eventRows?.length) return 0;"
"src\screens\home\Main.tsx","853",".select(""id,business_id,is_active,is_published,deleted_at,event_state"")",".in(""event_state"", [""ongoing"", ""draft""])       .limit(limit);      if (eventError || !eventRows?.length) return 0;"
"src\screens\home\Main.tsx","869","const businessIds = Array.from(","new Set(         activeEvents           .map((event) => String(event.business_id ?? """").trim())           .filter(Boolean),       ),"
"src\screens\home\Main.tsx","878",".from(""businesses"")",".select(""id,lat,lng,is_active"")       .in(""id"", businessIds);      if (businessError || !businessRows?.length) return 0;"
"src\screens\home\Main.tsx","879",".select(""id,lat,lng,is_active"")",".in(""id"", businessIds);      if (businessError || !businessRows?.length) return 0;      const nearbyBusinessIds = new Set<string>();"
"src\screens\home\Main.tsx","940",".from(""posts"")",".select(           ""id, user_id, business_id, created_at, businesses!inner(lat,lng)"",         )         .not(""business_id"", ""is"", null)         .eq(""visibility"", visibility)"
"src\screens\home\Main.tsx","941",".select(","""id, user_id, business_id, created_at, businesses!inner(lat,lng)"",         )         .not(""business_id"", ""is"", null)         .eq(""visibility"", visibility)         .neq(""user_id"", uid)"
"src\screens\home\Main.tsx","966",".from(""post_locations"")",".select(""post_id,lat,lng"")       .gte(""lat"", bb.minLat)       .lte(""lat"", bb.maxLat)       .gte(""lng"", bb.minLng)       .lte(""lng"", bb.maxLng)"
"src\screens\home\Main.tsx","967",".select(""post_id,lat,lng"")",".gte(""lat"", bb.minLat)       .lte(""lat"", bb.maxLat)       .gte(""lng"", bb.minLng)       .lte(""lng"", bb.maxLng)       .limit(800);"
"src\screens\home\Main.tsx","995",".from(""posts"")",".select(""id, user_id, business_id, created_at"")         .in(""id"", Array.from(new Set(locationPostIds)).slice(0, 800))         .eq(""visibility"", visibility)         .neq(""user_id"", uid)         .is(""deleted_at"", null)"
"src\screens\home\Main.tsx","996",".select(""id, user_id, business_id, created_at"")",".in(""id"", Array.from(new Set(locationPostIds)).slice(0, 800))         .eq(""visibility"", visibility)         .neq(""user_id"", uid)         .is(""deleted_at"", null)         .gte(""created_at"", sinceIso)"
"src\screens\home\Main.tsx","997",".in(""id"", Array.from(new Set(locationPostIds)).slice(0, 800))",".eq(""visibility"", visibility)         .neq(""user_id"", uid)         .is(""deleted_at"", null)         .gte(""created_at"", sinceIso)         .order(""created_at"", { ascending: false })"
"src\screens\home\Main.tsx","1067",".from(""post_locations"")",".select(""post_id,lat,lng"")     .gte(""lat"", bb.minLat)     .lte(""lat"", bb.maxLat)     .gte(""lng"", bb.minLng)     .lte(""lng"", bb.maxLng)"
"src\screens\home\Main.tsx","1068",".select(""post_id,lat,lng"")",".gte(""lat"", bb.minLat)     .lte(""lat"", bb.maxLat)     .gte(""lng"", bb.minLng)     .lte(""lng"", bb.maxLng)     .limit(600);"
"src\screens\home\Main.tsx","1092",".from(""posts"")",".select(         ""id, user_id, business_id, caption, visibility, created_at, like_count, comment_count, share_count, post_media(*), businesses!inner(lat,lng)"",       )       .not(""business_id"", ""is"", null)       .eq(""visibility"", visibility)"
"src\screens\home\Main.tsx","1093",".select(","""id, user_id, business_id, caption, visibility, created_at, like_count, comment_count, share_count, post_media(*), businesses!inner(lat,lng)"",       )       .not(""business_id"", ""is"", null)       .eq(""visibility"", visibility)       .neq(""user_id"", uid)"
"src\screens\home\Main.tsx","1121",".from(""posts"")",".select(         ""id, user_id, business_id, caption, visibility, created_at, like_count, comment_count, share_count, post_media(*)"",       )       .in(""id"", locationPostIds)       .eq(""visibility"", visibility)"
"src\screens\home\Main.tsx","1122",".select(","""id, user_id, business_id, caption, visibility, created_at, like_count, comment_count, share_count, post_media(*)"",       )       .in(""id"", locationPostIds)       .eq(""visibility"", visibility)       .neq(""user_id"", uid)"
"src\screens\home\Main.tsx","1204",".from(""profiles"")",".select(""user_id,id,nickname,avatar_url,follow_id"")     .in(""user_id"", authorIds);    ((profiles ?? []) as AuthorProfileRow[]).forEach((profile) => {     const key = String(profile.user_id ?? profile.id ?? """").trim();"
"src\screens\home\Main.tsx","1205",".select(""user_id,id,nickname,avatar_url,follow_id"")",".in(""user_id"", authorIds);    ((profiles ?? []) as AuthorProfileRow[]).forEach((profile) => {     const key = String(profile.user_id ?? profile.id ?? """").trim();     if (key) profileMap.set(key, profile);"
"src\screens\home\Main.tsx","1216",".from(""friend_meta"")",".select(""friend_user_id,alias,is_friend"")       .eq(""owner_user_id"", viewerId)       .in(""friend_user_id"", friendAuthorIds)       .eq(""is_friend"", true);"
"src\screens\home\Main.tsx","1217",".select(""friend_user_id,alias,is_friend"")",".eq(""owner_user_id"", viewerId)       .in(""friend_user_id"", friendAuthorIds)       .eq(""is_friend"", true);      ((friendMeta ?? []) as FriendMetaRow[]).forEach((row) => {"
"src\screens\home\Main.tsx","1559","const { data: rows, error: rpcErr } = await supabase.rpc(","""home_banner_candidates_v2"",           {             p_lat: lat,             p_lng: lng,             p_radius_m: null,"
"src\screens\home\Main.tsx","1591",".from(""profiles"")",".select(""*"")       .eq(""id"", uid)       .maybeSingle()) as { data: MyProfileMini | null };      if (profileRow) {"
"src\screens\home\Main.tsx","1592",".select(""*"")",".eq(""id"", uid)       .maybeSingle()) as { data: MyProfileMini | null };      if (profileRow) {       setMyProfile(profileRow);"
"src\screens\home\NearNews.tsx","276","return Array.from(","new Set(values.map((value) => String(value ?? """").trim()).filter(Boolean)),   ); }  function intersectIds(baseIds: string[], allowedIds: string[]) {"
"src\screens\home\NearNews.tsx","390","return Array.from(set).slice(0, 4);","}  function getImageUrlFromPost(row: any): string | null {   if (!row) return null;   if (row.image_url) return row.image_url;"
"src\screens\home\NearNews.tsx","472",".from(""friend_meta"")",".select(""friend_user_id,is_friend"")       .eq(""owner_user_id"", uid)       .eq(""is_friend"", true),     supabase       .from(""friend_meta"")"
"src\screens\home\NearNews.tsx","473",".select(""friend_user_id,is_friend"")",".eq(""owner_user_id"", uid)       .eq(""is_friend"", true),     supabase       .from(""friend_meta"")       .select(""owner_user_id,is_friend"")"
"src\screens\home\NearNews.tsx","477",".from(""friend_meta"")",".select(""owner_user_id,is_friend"")       .eq(""friend_user_id"", uid)       .eq(""is_friend"", true),     supabase       .from(""profile_follows"")"
"src\screens\home\NearNews.tsx","478",".select(""owner_user_id,is_friend"")",".eq(""friend_user_id"", uid)       .eq(""is_friend"", true),     supabase       .from(""profile_follows"")       .select(""following_id"")"
"src\screens\home\NearNews.tsx","482",".from(""profile_follows"")",".select(""following_id"")       .eq(""follower_id"", uid)       .eq(""status"", ""accepted""),   ]);"
"src\screens\home\NearNews.tsx","483",".select(""following_id"")",".eq(""follower_id"", uid)       .eq(""status"", ""accepted""),   ]);    ((myFriendsRes as any)?.data ?? []).forEach((row: any) => {"
"src\screens\home\NearNews.tsx","502","myFriendIds: Array.from(myFriendIdSet),","authorsWhoAddedMeAsFriendIds: Array.from(authorsWhoAddedMeAsFriendIdSet),     followingIds: Array.from(followingIdSet),   }; }"
"src\screens\home\NearNews.tsx","503","authorsWhoAddedMeAsFriendIds: Array.from(authorsWhoAddedMeAsFriendIdSet),","followingIds: Array.from(followingIdSet),   }; }  async function hydratePostAuthors("
"src\screens\home\NearNews.tsx","504","followingIds: Array.from(followingIdSet),","}; }  async function hydratePostAuthors(   posts: NearPost[],"
"src\screens\home\NearNews.tsx","526",".from(""profiles"")",".select(""user_id,id,nickname,avatar_url,follow_id"")       .in(""user_id"", authorIds),     supabase       .from(""profiles"")       .select(""user_id,id,nickname,avatar_url,follow_id"")"
"src\screens\home\NearNews.tsx","527",".select(""user_id,id,nickname,avatar_url,follow_id"")",".in(""user_id"", authorIds),     supabase       .from(""profiles"")       .select(""user_id,id,nickname,avatar_url,follow_id"")       .in(""id"", authorIds),"
"src\screens\home\NearNews.tsx","530",".from(""profiles"")",".select(""user_id,id,nickname,avatar_url,follow_id"")       .in(""id"", authorIds),   ]);    const profilesByStableKey = new Map<string, any>();"
"src\screens\home\NearNews.tsx","531",".select(""user_id,id,nickname,avatar_url,follow_id"")",".in(""id"", authorIds),   ]);    const profilesByStableKey = new Map<string, any>();   ["
"src\screens\home\NearNews.tsx","548","const profiles = Array.from(profilesByStableKey.values());","profiles.forEach((profile) => {     const userKey = String(profile?.user_id ?? """").trim();     const profileKey = String(profile?.id ?? """").trim();     if (userKey) profileMap.set(userKey, profile);"
"src\screens\home\NearNews.tsx","560",".from(""profiles"")",".select(""user_id,id"")       .eq(""user_id"", viewerId)       .maybeSingle();      viewerProfile = byUserId ?? null;"
"src\screens\home\NearNews.tsx","561",".select(""user_id,id"")",".eq(""user_id"", viewerId)       .maybeSingle();      viewerProfile = byUserId ?? null;"
"src\screens\home\NearNews.tsx","569",".from(""profiles"")",".select(""user_id,id"")         .eq(""id"", viewerId)         .maybeSingle();        viewerProfile = byProfileId ?? null;"
"src\screens\home\NearNews.tsx","570",".select(""user_id,id"")",".eq(""id"", viewerId)         .maybeSingle();        viewerProfile = byProfileId ?? null;     }"
"src\screens\home\NearNews.tsx","594",".from(""friend_meta"")",".select(""owner_user_id,friend_user_id,alias,is_friend"")       .in(""owner_user_id"", ownerAuthIds)       .in(""friend_user_id"", friendAuthorIds)       .eq(""is_friend"", true);"
"src\screens\home\NearNews.tsx","595",".select(""owner_user_id,friend_user_id,alias,is_friend"")",".in(""owner_user_id"", ownerAuthIds)       .in(""friend_user_id"", friendAuthorIds)       .eq(""is_friend"", true);      ((friendMeta ?? []) as any[]).forEach((row) => {"
"src\screens\home\NearNews.tsx","689",".from(""businesses"")",".select(extendedSelect)     .in(""id"", ids);    if (response.error) {     response = await supabase"
"src\screens\home\NearNews.tsx","690",".select(extendedSelect)",".in(""id"", ids);    if (response.error) {     response = await supabase       .from(""businesses"")"
"src\screens\home\NearNews.tsx","695",".from(""businesses"")",".select(minimalSelect)       .in(""id"", ids);   }    const map = new Map<string, BusinessRow>();"
"src\screens\home\NearNews.tsx","696",".select(minimalSelect)",".in(""id"", ids);   }    const map = new Map<string, BusinessRow>();   if (response.error) return map;"
"src\screens\home\NearNews.tsx","713",".from(""profiles"")",".select(""neighborhood_radius_m"")       .eq(""user_id"", uid)       .maybeSingle();      if (!byUserId.error && byUserId.data) {"
"src\screens\home\NearNews.tsx","714",".select(""neighborhood_radius_m"")",".eq(""user_id"", uid)       .maybeSingle();      if (!byUserId.error && byUserId.data) {       return normalizeRadiusM((byUserId.data as any)?.neighborhood_radius_m);"
"src\screens\home\NearNews.tsx","723",".from(""profiles"")",".select(""neighborhood_radius_m"")       .eq(""id"", uid)       .maybeSingle();      if (!byId.error && byId.data) {"
"src\screens\home\NearNews.tsx","724",".select(""neighborhood_radius_m"")",".eq(""id"", uid)       .maybeSingle();      if (!byId.error && byId.data) {       return normalizeRadiusM((byId.data as any)?.neighborhood_radius_m);"
"src\screens\home\NearNews.tsx","738",".from(""business_events_state_view"")",".select(selectSql)     .in(""event_state"", [""ongoing"", ""draft""])     .limit(MAX_EVENT_ROWS); }"
"src\screens\home\NearNews.tsx","739",".select(selectSql)",".in(""event_state"", [""ongoing"", ""draft""])     .limit(MAX_EVENT_ROWS); }  async function queryBusinessEventsFromBaseTable(selectSql: string) {"
"src\screens\home\NearNews.tsx","746",".from(""business_events"")",".select(selectSql)     .is(""deleted_at"", null)     .neq(""is_active"", false)     .neq(""is_published"", false)     .limit(MAX_EVENT_ROWS);"
"src\screens\home\NearNews.tsx","747",".select(selectSql)",".is(""deleted_at"", null)     .neq(""is_active"", false)     .neq(""is_published"", false)     .limit(MAX_EVENT_ROWS); }"
"src\screens\home\NearNews.tsx","926",".from(table)",".select(       `       id,       business_id,       title,"
"src\screens\home\NearNews.tsx","927",".select(","`       id,       business_id,       title,       body,"
"src\screens\home\NearNews.tsx","1037",".from(""post_locations"")",".select(""post_id,lat,lng"")     .gte(""lat"", bb.minLat)     .lte(""lat"", bb.maxLat)     .gte(""lng"", bb.minLng)     .lte(""lng"", bb.maxLng)"
"src\screens\home\NearNews.tsx","1038",".select(""post_id,lat,lng"")",".gte(""lat"", bb.minLat)     .lte(""lat"", bb.maxLat)     .gte(""lng"", bb.minLng)     .lte(""lng"", bb.maxLng)     .limit(800);"
"src\screens\home\NearNews.tsx","1057","const locationPostIds = Array.from(locationPostDistance.keys());","async function fetchLocationPostsByVisibility(     visibility: string,     authorIds?: string[],   ) {"
"src\screens\home\NearNews.tsx","1067",".from(""posts"")",".select(POST_SELECT)       .in(""id"", locationPostIds)       .eq(""visibility"", visibility)       .neq(""user_id"", uid)       .is(""deleted_at"", null)"
"src\screens\home\NearNews.tsx","1068",".select(POST_SELECT)",".in(""id"", locationPostIds)       .eq(""visibility"", visibility)       .neq(""user_id"", uid)       .is(""deleted_at"", null)       .gte(""created_at"", recentPostSinceIso)"
"src\screens\home\NearNews.tsx","1090",".from(""posts"")",".select(`${POST_SELECT}, businesses!inner(id,name,lat,lng)`)       .not(""business_id"", ""is"", null)       .eq(""visibility"", visibility)       .neq(""user_id"", uid)       .is(""deleted_at"", null)"
"src\screens\home\NearNews.tsx","1091",".select(`${POST_SELECT}, businesses!inner(id,name,lat,lng)`)",".not(""business_id"", ""is"", null)       .eq(""visibility"", visibility)       .neq(""user_id"", uid)       .is(""deleted_at"", null)       .gte(""created_at"", recentPostSinceIso)"
"src\screens\home\NearNews.tsx","1156","const posts = Array.from(postMap.values())",".sort((a, b) => dateValue(b.createdAt) - dateValue(a.createdAt))     .slice(0, MAX_POST_ROWS);    return hydratePostAuthors(posts, uid, relationIds.myFriendIds); }"
"src\screens\home\NearNews.tsx","1860","const serifFont = Platform.select({","ios: ""Georgia"",   android: ""serif"",   default: ""serif"", });"
"src\screens\home\NearNews.tsx","2164","...Platform.select({","ios: {         shadowColor: ""#000000"",         shadowOpacity: 0.16,         shadowRadius: 10,         shadowOffset: { width: 0, height: 5 },"
"src\screens\legal\TermsConsent.tsx","239",".from('policies')",".select('id, type, locale, title, version, summary, effective_date')         .in('type', POLICY_TYPES)         .eq('is_active', true)         .order('effective_date', { ascending: false })         .order('created_at', { ascending: false });"
"src\screens\legal\TermsConsent.tsx","240",".select('id, type, locale, title, version, summary, effective_date')",".in('type', POLICY_TYPES)         .eq('is_active', true)         .order('effective_date', { ascending: false })         .order('created_at', { ascending: false });"
"src\screens\legal\TermsConsent.tsx","322",".from('profiles')",".update({           terms_accepted: true,           terms_accepted_at: acceptedAt,         })         .eq('user_id', userId)"
"src\screens\legal\TermsConsent.tsx","328",".select('user_id');","if (updateError) throw updateError;        if (updatedRows && updatedRows.length > 0) return;"
"src\screens\legal\TermsConsent.tsx","338",".from('profiles')",".insert({           user_id: userId,           preferred_lang: preferredLangDefault,           terms_accepted: true,           terms_accepted_at: acceptedAt,"
"src\screens\legal\TermsConsent.tsx","378",".from('user_policy_consents')",".upsert(rows, { onConflict: 'user_id,policy_id' });        if (error) throw error;     },     [agreeMarketing, appLocale, policies.marketing, policies.privacy, policies.terms],"
"src\screens\map\modals\SearchModal.theme.ts","28",": (Platform.select({","ios: {           shadowColor: '#000000',           shadowOpacity: 0.12,           shadowRadius: 18,           shadowOffset: { width: 0, height: 10 },"
"src\screens\map\Main.tsx","374","const estimatedTextWidth = Array.from(listButtonLabel).reduce((sum, char) => {","const code = char.codePointAt(0) ?? 0;       const isWide =         (code >= 0x1100 && code <= 0x11ff) ||         (code >= 0x2e80 && code <= 0xa4cf) ||         (code >= 0xac00 && code <= 0xd7af) ||"
"src\screens\map\Main.tsx","558","const interpret = await supabase.rpc('search_interpret_local_v1', {","p_query: q,             p_lang: 'ko',           });           if (!interpret.error && interpret.data) {             signals = interpret.data;"
"src\screens\map\Main.tsx","570","const rpc = await supabase.rpc('search_beacons_v2', {","p_query: q,           p_signals: signals ?? { signals: [] },           p_category_top3: categoryTop3,           p_center_lat: latitude,           p_center_lng: longitude,"
"src\screens\map\Main.tsx","612","const resp = await supabase.rpc('discover_beacons_v2', {","p_center_lat: latitude,         p_center_lng: longitude,         p_radius_m: radiusMeters,         p_visibility: visibility === 'any' ? null : visibility,         p_allow_gender: gender === 'any' ? null : gender,"
"src\screens\map\Main.tsx","746",".from('beacons')",".select('id, created_at')         .eq('host_id', user.id)         .eq('active', true)         .or(`expires_at.is.null,expires_at.gt.${nowIso}`)         .order('created_at', { ascending: false })"
"src\screens\map\Main.tsx","747",".select('id, created_at')",".eq('host_id', user.id)         .eq('active', true)         .or(`expires_at.is.null,expires_at.gt.${nowIso}`)         .order('created_at', { ascending: false })         .limit(1);"
"src\screens\map\Main.tsx","759","const { error: upErr } = await supabase.rpc('move_beacon_to_here_v2', {","p_beacon_id: Number(myBeacon.id),         p_lat: myLocation.lat,         p_lng: myLocation.lng,       });"
"src\screens\notifications\Notifications.theme.ts","12",": (Platform.select({","ios: {           shadowColor: '#000000',           shadowOffset: { width: 0, height: 2 },           shadowOpacity: 0.04,           shadowRadius: 8,"
"src\screens\profile\postDetail\hooks\usePostComments.ts","87","const authorIds = Array.from(","new Set(sourceRows.map((row) => normalizeId((row as any).user_id)).filter((id) => id && id !== viewerId)),   );   if (authorIds.length === 0) return sourceRows;    const relationMap = new Map<string, FriendMetaRow>();"
"src\screens\profile\postDetail\hooks\usePostComments.ts","96",".from('friend_meta')",".select('friend_user_id,alias,is_friend')       .eq('owner_user_id', viewerId)       .in('friend_user_id', part)       .eq('is_friend', true);"
"src\screens\profile\postDetail\hooks\usePostComments.ts","97",".select('friend_user_id,alias,is_friend')",".eq('owner_user_id', viewerId)       .in('friend_user_id', part)       .eq('is_friend', true);      ((data ?? []) as FriendMetaRow[]).forEach((row) => {"
"src\screens\profile\postDetail\hooks\usePostComments.ts","253",".from('post_comments')",".select(           'id,post_id,user_id,body,parent_id,root_comment_id,depth,status,deleted_at,reply_count,mention_user_id,reply_target_comment_id,created_at,updated_at,like_count,profiles:profiles!post_comments_user_id_fkey(nickname,avatar_url,follow_id)',         )         .eq('post_id', pid)         .in('status', ['visible', 'deleted'])"
"src\screens\profile\postDetail\hooks\usePostComments.ts","254",".select(","'id,post_id,user_id,body,parent_id,root_comment_id,depth,status,deleted_at,reply_count,mention_user_id,reply_target_comment_id,created_at,updated_at,like_count,profiles:profiles!post_comments_user_id_fkey(nickname,avatar_url,follow_id)',         )         .eq('post_id', pid)         .in('status', ['visible', 'deleted'])         .order('created_at', { ascending: true })) as {"
"src\screens\profile\postDetail\hooks\usePostComments.ts","275",".from('comment_likes')",".select('comment_id')           .eq('user_id', myId)           .in('comment_id', commentIds)) as {           data: Array<{ comment_id: string }> | null;           error: { message?: string } | null;"
"src\screens\profile\postDetail\hooks\usePostComments.ts","276",".select('comment_id')",".eq('user_id', myId)           .in('comment_id', commentIds)) as {           data: Array<{ comment_id: string }> | null;           error: { message?: string } | null;         };"
"src\screens\profile\postDetail\hooks\usePostComments.ts","358","const { data, error } = await supabase.rpc('soft_delete_post_comment', {","p_comment_id: comment.id,               });                if (error) throw error;"
"src\screens\profile\postDetail\hooks\usePostComments.ts","462",".from('comment_likes')",".delete()             .eq('comment_id', comment.id)             .eq('user_id', myId);            if (error) throw error;"
"src\screens\profile\postDetail\hooks\usePostComments.ts","469","const { error } = await supabase.from('comment_likes').upsert(","{               comment_id: comment.id,               user_id: myId,             },             {"
"src\screens\profile\postDetail\hooks\usePostComments.ts","503","const mentionTokens = Array.from(","new Set(           Array.from(draft.matchAll(/@([^\s@]+)/g))             .map((match) => String(match[1] ?? '').trim())             .filter(Boolean),         ),"
"src\screens\profile\postDetail\hooks\usePostComments.ts","505","Array.from(draft.matchAll(/@([^\s@]+)/g))",".map((match) => String(match[1] ?? '').trim())             .filter(Boolean),         ),       );"
"src\screens\profile\postDetail\hooks\usePostComments.ts","518",".from('profiles')",".select('id,user_id,nickname,follow_id')             .in('follow_id', mentionTokens),           supabase             .from('profiles')             .select('id,user_id,nickname,follow_id')"
"src\screens\profile\postDetail\hooks\usePostComments.ts","519",".select('id,user_id,nickname,follow_id')",".in('follow_id', mentionTokens),           supabase             .from('profiles')             .select('id,user_id,nickname,follow_id')             .in('nickname', mentionTokens),"
"src\screens\profile\postDetail\hooks\usePostComments.ts","522",".from('profiles')",".select('id,user_id,nickname,follow_id')             .in('nickname', mentionTokens),         ]);          if (followIdRes.error) throw followIdRes.error;"
"src\screens\profile\postDetail\hooks\usePostComments.ts","523",".select('id,user_id,nickname,follow_id')",".in('nickname', mentionTokens),         ]);          if (followIdRes.error) throw followIdRes.error;         if (nicknameRes.error) throw nicknameRes.error;"
"src\screens\profile\postDetail\hooks\usePostComments.ts","547","const exactFollowIdMatch = Array.from(byResolvedId.values()).find((user) => {","const resolvedId = String(user.user_id ?? user.id ?? '').trim();             if (!resolvedId || resolvedId === myId || resolvedId === replyToUserId) return false;             return String(user.follow_id ?? '').trim() === token;           });           if (exactFollowIdMatch) {"
"src\screens\profile\postDetail\hooks\usePostComments.ts","556","const exactNicknameMatch = Array.from(byResolvedId.values()).find((user) => {","const resolvedId = String(user.user_id ?? user.id ?? '').trim();             if (!resolvedId || resolvedId === myId || resolvedId === replyToUserId) return false;             return String(user.nickname ?? '').trim() === token;           });           if (exactNicknameMatch) {"
"src\screens\profile\postDetail\hooks\usePostComments.ts","617",".from('post_comments')",".update({             body: draft,             updated_at: updatedAt,             mention_user_id: finalMentionUserId,           })"
"src\screens\profile\postDetail\hooks\usePostComments.ts","704","const { data, error } = await supabase.rpc('create_post_comment_atomic', {","p_post_id: commentTarget.id,         p_body: draft,         p_parent_comment_id: parentId,         p_reply_to_user_id: replyToUserId, // 답글 대상자         p_reply_target_comment_id: replyTargetCommentId,"
"src\screens\profile\postDetail\hooks\usePostDetailActions.ts","319","const { data, error } = await supabase.rpc('set_post_like_state_atomic', {","p_post_id: post.id,           p_is_liked: nextIsLiked,           p_client_nonce: clientNonce,         });"
"src\screens\profile\postDetail\hooks\usePostDetailActions.ts","512",".from('posts')",".delete()             .eq('id', targetId)             .eq('user_id', myId);            if (error) throw error;"
"src\screens\profile\postDetail\hooks\usePostDetailData.ts","72",".from('posts')",".select('id,user_id,caption,visibility,created_at,tab_id')         .eq('user_id', owner)         .is('deleted_at', null)         .order('created_at', { ascending: false });"
"src\screens\profile\postDetail\hooks\usePostDetailData.ts","73",".select('id,user_id,caption,visibility,created_at,tab_id')",".eq('user_id', owner)         .is('deleted_at', null)         .order('created_at', { ascending: false });        if (tabId) query = query.eq('tab_id', tabId);"
"src\screens\profile\postDetail\hooks\usePostDetailData.ts","89",".from('profiles')",".select('nickname,avatar_url,follow_id')         .eq('user_id', owner)         .maybeSingle()) as {         data: ProfileLite | null;         error: MaybeError;"
"src\screens\profile\postDetail\hooks\usePostDetailData.ts","90",".select('nickname,avatar_url,follow_id')",".eq('user_id', owner)         .maybeSingle()) as {         data: ProfileLite | null;         error: MaybeError;       };"
"src\screens\profile\postDetail\hooks\usePostDetailData.ts","98",".from('post_media')",".select('id,post_id,file_url,width,height')         .in('post_id', postIds)         .order('sort_order', { ascending: true })) as {         data: (MediaRow & { post_id: string })[] | null;         error: MaybeError;"
"src\screens\profile\postDetail\hooks\usePostDetailData.ts","99",".select('id,post_id,file_url,width,height')",".in('post_id', postIds)         .order('sort_order', { ascending: true })) as {         data: (MediaRow & { post_id: string })[] | null;         error: MaybeError;       };"
"src\screens\profile\postDetail\hooks\usePostDetailData.ts","107",".from('post_likes')",".select('post_id,user_id')         .in('post_id', postIds)) as {         data: LikeRow[] | null;         error: MaybeError;       };"
"src\screens\profile\postDetail\hooks\usePostDetailData.ts","108",".select('post_id,user_id')",".in('post_id', postIds)) as {         data: LikeRow[] | null;         error: MaybeError;       };"
"src\screens\profile\postDetail\hooks\usePostDetailData.ts","115",".from('post_comments')",".select('id,post_id')         .in('post_id', postIds)) as {         data: CountRow[] | null;         error: MaybeError;       };"
"src\screens\profile\postDetail\hooks\usePostDetailData.ts","116",".select('id,post_id')",".in('post_id', postIds)) as {         data: CountRow[] | null;         error: MaybeError;       };"
"src\screens\profile\postDetail\hooks\usePostDetailData.ts","159",".from('profiles')",".select('nickname,avatar_url,follow_id')           .eq('user_id', uid)           .maybeSingle()) as {           data: ProfileLite | null;           error: MaybeError;"
"src\screens\profile\postDetail\hooks\usePostDetailData.ts","160",".select('nickname,avatar_url,follow_id')",".eq('user_id', uid)           .maybeSingle()) as {           data: ProfileLite | null;           error: MaybeError;         };"
"src\screens\profile\postDetail\hooks\usePostDetailData.ts","173",".from('posts')",".select(             `id,user_id,caption,visibility,created_at,tab_id,profiles:profiles!posts_user_id_fkey(nickname,avatar_url,follow_id),post_media(id,file_url,width,height)`,           )           .eq('business_id', businessIdFromRoute)           .is('deleted_at', null)"
"src\screens\profile\postDetail\hooks\usePostDetailData.ts","174",".select(","`id,user_id,caption,visibility,created_at,tab_id,profiles:profiles!posts_user_id_fkey(nickname,avatar_url,follow_id),post_media(id,file_url,width,height)`,           )           .eq('business_id', businessIdFromRoute)           .is('deleted_at', null)           .order('created_at', { ascending: false })) as {"
"src\screens\profile\postDetail\hooks\usePostDetailData.ts","190",".from('post_likes')",".select('post_id,user_id')           .in('post_id', postIds)) as {           data: LikeRow[] | null;           error: MaybeError;         };"
"src\screens\profile\postDetail\hooks\usePostDetailData.ts","191",".select('post_id,user_id')",".in('post_id', postIds)) as {           data: LikeRow[] | null;           error: MaybeError;         };         const { data: commentCounts } = (await supabase"
"src\screens\profile\postDetail\hooks\usePostDetailData.ts","197",".from('post_comments')",".select('id,post_id')           .in('post_id', postIds)) as {           data: CountRow[] | null;           error: MaybeError;         };"
"src\screens\profile\postDetail\hooks\usePostDetailData.ts","198",".select('id,post_id')",".in('post_id', postIds)) as {           data: CountRow[] | null;           error: MaybeError;         };"
"src\screens\profile\postDetail\hooks\usePostDetailData.ts","231",".from('posts')",".select('id,user_id,tab_id')         .eq('id', postId)         .maybeSingle()) as {         data: { id: string; user_id: string; tab_id: string | null } | null;         error: MaybeError;"
"src\screens\profile\postDetail\hooks\usePostDetailData.ts","232",".select('id,user_id,tab_id')",".eq('id', postId)         .maybeSingle()) as {         data: { id: string; user_id: string; tab_id: string | null } | null;         error: MaybeError;       };"
"src\screens\profile\postDetail\hooks\usePostDetailData.ts","245",".from('friendships')",".select('id')           .or(             `and(requester.eq.${uid},addressee.eq.${basePost.user_id}),and(requester.eq.${basePost.user_id},addressee.eq.${uid})`,           )           .eq('status', 'accepted')"
"src\screens\profile\postDetail\hooks\usePostDetailData.ts","246",".select('id')",".or(             `and(requester.eq.${uid},addressee.eq.${basePost.user_id}),and(requester.eq.${basePost.user_id},addressee.eq.${uid})`,           )           .eq('status', 'accepted')           .maybeSingle()) as {"
"src\screens\profile\postDetail\hooks\usePostDetailData.ts","261",".from('profile_tabs')",".select('id,name')         .eq('user_id', basePost.user_id)         .eq('is_hidden', false)         .order('sort_order', { ascending: true })) as {         data: TabRow[] | null;"
"src\screens\profile\postDetail\hooks\usePostDetailData.ts","262",".select('id,name')",".eq('user_id', basePost.user_id)         .eq('is_hidden', false)         .order('sort_order', { ascending: true })) as {         data: TabRow[] | null;         error: MaybeError;"
"src\screens\profile\postDetail\hooks\usePostLikes.ts","33",".from('post_likes')",".select(             `             user_id,             profiles:profiles!post_likes_user_id_fkey (               nickname,"
"src\screens\profile\postDetail\hooks\usePostLikes.ts","34",".select(","`             user_id,             profiles:profiles!post_likes_user_id_fkey (               nickname,               avatar_url,"
"src\screens\profile\postDetail\sheets\CommentsSheet.tsx","547","supabase.from('profile_follows').select('following_id,status').eq('follower_id', myId).eq('status', 'accepted'),","supabase.from('profile_follows').select('follower_id,status').eq('following_id', myId).eq('status', 'accepted'),       ]);        if (outgoingError) throw outgoingError;       if (incomingError) throw incomingError;"
"src\screens\profile\postDetail\sheets\CommentsSheet.tsx","548","supabase.from('profile_follows').select('follower_id,status').eq('following_id', myId).eq('status', 'accepted'),","]);        if (outgoingError) throw outgoingError;       if (incomingError) throw incomingError;"
"src\screens\profile\postDetail\sheets\CommentsSheet.tsx","554","const followingIds = Array.from(","new Set((outgoing ?? []).map((row: any) => String(row.following_id ?? '').trim()).filter(Boolean)),       );       const followerIds = new Set((incoming ?? []).map((row: any) => String(row.follower_id ?? '').trim()).filter(Boolean));       const mutualIds = followingIds.filter((id) => followerIds.has(id));       const unionIds = Array.from(new Set([...followingIds, ...mutualIds])).filter((id) => id !== myId);"
"src\screens\profile\postDetail\sheets\CommentsSheet.tsx","559","const unionIds = Array.from(new Set([...followingIds, ...mutualIds])).filter((id) => id !== myId);","if (unionIds.length === 0) {         setFollowUsers([]);         setFriendUsers([]);         return;"
"src\screens\profile\postDetail\sheets\CommentsSheet.tsx","568",".from('profiles')",".select('id,user_id,nickname,avatar_url,follow_id')         .in('id', unionIds);        if (profilesError) throw profilesError;"
"src\screens\profile\postDetail\sheets\CommentsSheet.tsx","569",".select('id,user_id,nickname,avatar_url,follow_id')",".in('id', unionIds);        if (profilesError) throw profilesError;        const normalized = (profiles ?? []) as MentionCandidate[];"
"src\screens\profile\postDetail\sheets\CommentsSheet.tsx","677","const newIds = Array.from(currentIds).filter((id) => !knownCommentIds.current.has(id));","if (newIds.length > 0) {         // 내가 방금 쓴 댓글(temp-)이거나 최신으로 감지된 댓글         const targetId = newIds.find(id => id.startsWith('temp-')) || newIds[newIds.length - 1];         knownCommentIds.current = currentIds;"
"src\screens\profile\CreatePost.tsx","389",".from('profile_tabs')",".select('id, name')       .eq('user_id', user.id)       .eq('is_hidden', false)       .order('sort_order', { ascending: true });"
"src\screens\profile\CreatePost.tsx","390",".select('id, name')",".eq('user_id', user.id)       .eq('is_hidden', false)       .order('sort_order', { ascending: true });      if (data && data.length > 0) {"
"src\screens\profile\CreatePost.tsx","609","return newSet.size > 0 ? Array.from(newSet) : ['public'];","});   };    const runSearch = async (q: string) => {     if (!q.trim()) { setSearchResults([]); return; }"
"src\screens\profile\CreatePost.tsx","618",".from('profiles')",".select('id,nickname,avatar_url,follow_id')          .or(`nickname.ilike.%${q}%,follow_id.ilike.%${q}%`)          .limit(15);                const mapped = (data || []).map((p: any) => ({"
"src\screens\profile\CreatePost.tsx","619",".select('id,nickname,avatar_url,follow_id')",".or(`nickname.ilike.%${q}%,follow_id.ilike.%${q}%`)          .limit(15);                const mapped = (data || []).map((p: any) => ({          ...p,"
"src\screens\profile\CreatePost.tsx","630",".from('businesses')",".select('id,name,logo_image_url,main_image_url,hero_image_url,shop_id')          .or(`name.ilike.%${q}%,shop_id.ilike.%${q}%`)          .limit(15);                const mapped = (data || []).map((b: any) => ({"
"src\screens\profile\CreatePost.tsx","631",".select('id,name,logo_image_url,main_image_url,hero_image_url,shop_id')",".or(`name.ilike.%${q}%,shop_id.ilike.%${q}%`)          .limit(15);                const mapped = (data || []).map((b: any) => ({          ...b,"
"src\screens\profile\CreatePost.tsx","683",".from('posts')",".insert({           user_id: user.id,           caption,           link,           tab_id: selectedTab,"
"src\screens\profile\CreatePost.tsx","699",".select()",".single();        if (error || !post) throw error;       const postId = post.id;"
"src\screens\profile\CreatePost.tsx","753",".from('post_tags')",".insert(hashtags.map(t => ({ post_id: postId, user_id: user.id, tag_text: t })));           if (tagError) throw tagError;         }          for (let i = 0; i < images.length; i++) {"
"src\screens\profile\CreatePost.tsx","764","const { error: mediaError } = await supabase.from('post_media').insert({","post_id: postId,             file_url: publicUrl,             media_type: 'image',             sort_order: i,             width: item.width,"
"src\screens\profile\CreatePost.tsx","778","const { error: taggedUserError } = await supabase.from('post_tagged_users').insert(","taggedUsers.map(u => ({ post_id: postId, tagged_user_id: u.id }))           );           if (taggedUserError) throw taggedUserError;         }"
"src\screens\profile\CreatePost.tsx","785","const { error: locationError } = await supabase.from('post_locations').insert({","post_id: postId,             name: selectedLocation.name || selectedLocation.address,             address: selectedLocation.address,             lat: selectedLocation.lat,             lng: selectedLocation.lng,"
"src\screens\profile\Edit.tsx","61",".from(bucket)",".upload(fileName, formData, {         cacheControl: '3600',         upsert: false,       });"
"src\screens\profile\Edit.tsx","70",".from(bucket)",".getPublicUrl(fileName);      return publicUrlData.publicUrl;   } catch (e) {     console.error('Image Upload Failed:', e);"
"src\screens\profile\Edit.tsx","269",".from('profiles')",".select('*')           .eq('id', uid)           .single();          if (profileError) throw profileError;"
"src\screens\profile\Edit.tsx","270",".select('*')",".eq('id', uid)           .single();          if (profileError) throw profileError;         if (profile) applyProfileSnapshot(profile);"
"src\screens\profile\Edit.tsx","283",".from('profile_tabs')",".select('*')         .eq('user_id', uid)         .order('sort_order', { ascending: true });        if (tabsError) throw tabsError;"
"src\screens\profile\Edit.tsx","284",".select('*')",".eq('user_id', uid)         .order('sort_order', { ascending: true });        if (tabsError) throw tabsError;       setTabs(tabsData ?? []);"
"src\screens\profile\Edit.tsx","386","const { data, error } = await supabase.from('profile_tabs').insert({","user_id: meId,         name: newTabName.trim(),         sort_order: nextOrder,         is_hidden: false,         visibility: 'public'"
"src\screens\profile\Edit.tsx","392","}).select().single();","if (error) throw error;       setTabs(prev => [...prev, data]);       setNewTabName('');     } catch (e) { Alert.alert(t('common:fail'), t('profile:edit.error_add_tab')); }   }, [newTabName, tabs, meId, t]);"
"src\screens\profile\Edit.tsx","405","await supabase.from('profile_tabs').update({ name: tab.name }).eq('id', tab.id);","}, []);    const toggleTabHidden = useCallback(async (tab: any) => {     const next = !tab.is_hidden;     setTabs(prev => prev.map(t => t.id === tab.id ? { ...t, is_hidden: next } : t));"
"src\screens\profile\Edit.tsx","411","await supabase.from('profile_tabs').update({ is_hidden: next }).eq('id', tab.id);","}, []);    const moveTab = useCallback(async (direction: 'up' | 'down') => {     if (!tabOptionTarget) return;     const idx = tabs.findIndex(t => t.id === tabOptionTarget.id);"
"src\screens\profile\Edit.tsx","432","await supabase.from('profile_tabs').update({ sort_order: newTabs[targetIdx].sort_order }).eq('id', current.id);","await supabase.from('profile_tabs').update({ sort_order: newTabs[idx].sort_order }).eq('id', target.id);   }, [tabs, tabOptionTarget]);    const deleteTab = useCallback(async () => {     if (!tabOptionTarget) return;"
"src\screens\profile\Edit.tsx","433","await supabase.from('profile_tabs').update({ sort_order: newTabs[idx].sort_order }).eq('id', target.id);","}, [tabs, tabOptionTarget]);    const deleteTab = useCallback(async () => {     if (!tabOptionTarget) return;     const target = tabOptionTarget;"
"src\screens\profile\Edit.tsx","444","await supabase.from('profile_tabs').delete().eq('id', target.id);","}}     ]);   }, [tabOptionTarget, t]);    const openVisModal = useCallback((tab: any) => {"
"src\screens\profile\Edit.tsx","474","await supabase.from('profile_tabs').update({ visibility: nextVal }).eq('id', tabOptionTarget.id);","setVisModalVisible(false);     setTabOptionTarget(null);   }, [tabOptionTarget, visMode, visFriends, visFollowers]);    // -------------------------------------------------------------------------"
"src\screens\profile\Edit.tsx","494","const { error } = await supabase.from('profiles').update({","nickname,         follow_id: normalizedFollowId || null,         status_message: statusMsg,         avatar_url: finalAvatarUrl,         cover_image_url: finalCoverUrl,"
"src\screens\profile\EditPost.tsx","403",".from('profile_tabs')",".select('id,name')       .eq('user_id', uid)       .eq('is_hidden', false)       .order('sort_order', { ascending: true });"
"src\screens\profile\EditPost.tsx","404",".select('id,name')",".eq('user_id', uid)       .eq('is_hidden', false)       .order('sort_order', { ascending: true });      if (!error && data) {"
"src\screens\profile\EditPost.tsx","430",".from('posts')",".select(           'id,user_id,caption,link,tab_id,visibility,allow_comments,allow_share,business_id,business_name,location_lat,location_lng,location_name,address',         )         .eq('id', postId)         .maybeSingle();"
"src\screens\profile\EditPost.tsx","431",".select(","'id,user_id,caption,link,tab_id,visibility,allow_comments,allow_share,business_id,business_name,location_lat,location_lng,location_name,address',         )         .eq('id', postId)         .maybeSingle();"
"src\screens\profile\EditPost.tsx","458",".from('post_media')",".select('file_url,width,height,sort_order')         .eq('post_id', postId)         .order('sort_order', { ascending: true });        if (mErr) throw mErr;"
"src\screens\profile\EditPost.tsx","459",".select('file_url,width,height,sort_order')",".eq('post_id', postId)         .order('sort_order', { ascending: true });        if (mErr) throw mErr;"
"src\screens\profile\EditPost.tsx","482",".from('post_tagged_users')",".select(           `           tagged_user_id,           profiles:profiles!post_tagged_users_tagged_user_id_fkey (             nickname,"
"src\screens\profile\EditPost.tsx","483",".select(","`           tagged_user_id,           profiles:profiles!post_tagged_users_tagged_user_id_fkey (             nickname,             follow_id,"
"src\screens\profile\EditPost.tsx","507",".from('post_locations')",".select('name,address,lat,lng')         .eq('post_id', postId)         .maybeSingle();        if (!locErr && locRow) {"
"src\screens\profile\EditPost.tsx","508",".select('name,address,lat,lng')",".eq('post_id', postId)         .maybeSingle();        if (!locErr && locRow) {         setSelectedLocation({"
"src\screens\profile\EditPost.tsx","532",".from('businesses')",".select(             'id,name,shop_id,main_image_url,logo_image_url',           )           .eq('id', post.business_id)           .maybeSingle();"
"src\screens\profile\EditPost.tsx","533",".select(","'id,name,shop_id,main_image_url,logo_image_url',           )           .eq('id', post.business_id)           .maybeSingle();"
"src\screens\profile\EditPost.tsx","852",".from('profiles')",".select('id,nickname,follow_id,avatar_url')             .or(               `nickname.ilike.%${q}%,follow_id.ilike.%${q}%`,             )             .limit(30);"
"src\screens\profile\EditPost.tsx","853",".select('id,nickname,follow_id,avatar_url')",".or(               `nickname.ilike.%${q}%,follow_id.ilike.%${q}%`,             )             .limit(30);"
"src\screens\profile\EditPost.tsx","864",".from('businesses')",".select(               'id,name,shop_id,main_image_url,logo_image_url',             )             .or(               `name.ilike.%${q}%,shop_id.ilike.%${q}%`,"
"src\screens\profile\EditPost.tsx","865",".select(","'id,name,shop_id,main_image_url,logo_image_url',             )             .or(               `name.ilike.%${q}%,shop_id.ilike.%${q}%`,             )"
"src\screens\profile\EditPost.tsx","889",".from('post_locations')",".select('name,address,lat,lng')             .ilike('name', `%${q}%`)             .limit(30);            if (!error && data) {"
"src\screens\profile\EditPost.tsx","890",".select('name,address,lat,lng')",".ilike('name', `%${q}%`)             .limit(30);            if (!error && data) {             const seen = new Set<string>();"
"src\screens\profile\EditPost.tsx","981",".from('posts')",".update({           caption,           link,           tab_id: selectedTab,           visibility,"
"src\screens\profile\EditPost.tsx","1002","await supabase.from('post_media').delete().eq('post_id', postId);","await supabase         .from('post_tagged_users')         .delete()         .eq('post_id', postId);       await supabase"
"src\screens\profile\EditPost.tsx","1004",".from('post_tagged_users')",".delete()         .eq('post_id', postId);       await supabase         .from('post_locations')         .delete()"
"src\screens\profile\EditPost.tsx","1008",".from('post_locations')",".delete()         .eq('post_id', postId);        // 3) 새 media insert       for (let i = 0; i < images.length; i++) {"
"src\screens\profile\EditPost.tsx","1029",".from('post_media')",".insert({             post_id: postId,             file_url: finalUrl,             media_type: 'image',             sort_order: i,"
"src\screens\profile\EditPost.tsx","1045",".from('post_tagged_users')",".insert(             taggedUsers.map((u) => ({               post_id: postId,               tagged_user_id: u.id,             })),"
"src\screens\profile\EditPost.tsx","1059",".from('post_locations')",".insert({             post_id: postId,             name: selectedLocation.name || selectedLocation.address || null,             address: selectedLocation.address ?? null,             lat: selectedLocation.lat ?? null,"
"src\screens\profile\View.tsx","258","{Array.from({ length: 9 }).map((_, index) => (","<View key={`profile-loading-cell-${index}`} style={styles.profileLoadingCell} />           ))}         </View>       </View>     );"
"src\screens\profile\View.tsx","866",".from('profiles')",".select('*')         .eq('user_id', userId)         .maybeSingle();        const [{ data: userData }, { data, error }] = await Promise.all(["
"src\screens\profile\View.tsx","867",".select('*')",".eq('user_id', userId)         .maybeSingle();        const [{ data: userData }, { data, error }] = await Promise.all([         authPromise,"
"src\screens\profile\View.tsx","909",".from('posts')",".select(`           id,           tab_id,           created_at,           caption,"
"src\screens\profile\View.tsx","910",".select(`","id,           tab_id,           created_at,           caption,           visibility,"
"src\screens\profile\View.tsx","930",".from('profile_tabs')",".select('*')         .eq('user_id', userId)         .order('sort_order', { ascending: true });        const followersCountPromise = supabase"
"src\screens\profile\View.tsx","931",".select('*')",".eq('user_id', userId)         .order('sort_order', { ascending: true });        const followersCountPromise = supabase         .from('profile_follows')"
"src\screens\profile\View.tsx","936",".from('profile_follows')",".select('id', { count: 'exact', head: true })         .eq('following_id', userId);        const followingCountPromise = supabase         .from('profile_follows')"
"src\screens\profile\View.tsx","937",".select('id', { count: 'exact', head: true })",".eq('following_id', userId);        const followingCountPromise = supabase         .from('profile_follows')         .select('id', { count: 'exact', head: true })"
"src\screens\profile\View.tsx","941",".from('profile_follows')",".select('id', { count: 'exact', head: true })         .eq('follower_id', userId);        const relationPromise: Promise<any> =         me && me.id !== userId"
"src\screens\profile\View.tsx","942",".select('id', { count: 'exact', head: true })",".eq('follower_id', userId);        const relationPromise: Promise<any> =         me && me.id !== userId           ? Promise.all(["
"src\screens\profile\View.tsx","949",".from('profile_follows')",".select('id')                 .eq('follower_id', me.id)                 .eq('following_id', userId)                 .maybeSingle(),               supabase"
"src\screens\profile\View.tsx","950",".select('id')",".eq('follower_id', me.id)                 .eq('following_id', userId)                 .maybeSingle(),               supabase                 .from('friendships')"
"src\screens\profile\View.tsx","955",".from('friendships')",".select('id')                 .or(`and(requester.eq.${me.id},addressee.eq.${userId}),and(requester.eq.${userId},addressee.eq.${me.id})`)                 .eq('status', 'accepted')                 .maybeSingle(),             ])"
"src\screens\profile\View.tsx","956",".select('id')",".or(`and(requester.eq.${me.id},addressee.eq.${userId}),and(requester.eq.${userId},addressee.eq.${me.id})`)                 .eq('status', 'accepted')                 .maybeSingle(),             ])           : Promise.resolve(null);"
"src\screens\profile\View.tsx","1137","const { error } = await supabase.from('profile_follows').delete().eq('follower_id', currentUserId).eq('following_id', userId);","if (error) throw error;       } else {         const { error } = await supabase.from('profile_follows').insert({ follower_id: currentUserId, following_id: userId, status: 'accepted' });         if (error) throw error;       }"
"src\screens\profile\View.tsx","1140","const { error } = await supabase.from('profile_follows').insert({ follower_id: currentUserId, following_id: userId, status: 'accepted' });","if (error) throw error;       }     } catch (e) {       console.error(e);       if (isMounted.current) {"
"src\screens\profile\View.tsx","1181",".from('profiles')",".select('id')       .eq('user_id', authUserId)       .maybeSingle();      if (error) {"
"src\screens\profile\View.tsx","1182",".select('id')",".eq('user_id', authUserId)       .maybeSingle();      if (error) {       console.warn('[profile-menu][resolve_my_profile_id_failed]', error);"
"src\screens\profile\View.tsx","1209",".from(tableName)",".upsert(payload, { onConflict: 'user_id,target_id' });      if (error) {       console.warn(`[profile-menu][${tableName}_failed]`, error);       showInfoAlert(t('common:error'), t('common:fail'), 'danger');"
"src\screens\profile\View.tsx","1334","const { data, error } = await supabase.rpc('ensure_self_chat', { p_user_id: userId });","if (error) throw error;       const roomId = data as any;       if (!roomId) throw new Error('Chat Room Error');       if (isMounted.current) {         navigation.navigate('Chat', { roomId, roomType: 'self', selfChat: true, fromProfile: true });"
"src\screens\report\api\report.read.ts","15","const { data, error } = await supabase.rpc(fn, args ?? {});","if (error) throw error;   return data as T; }  function normalizeLang(input: unknown): 'ko' | 'en' {"
"src\screens\report\api\report.read.ts","36",".from('profiles')",".select('setting_lang, preferred_lang')       .eq('user_id', user.id)       .maybeSingle();      if ((data as any)?.setting_lang) return normalizeLang((data as any).setting_lang);"
"src\screens\report\api\report.read.ts","37",".select('setting_lang, preferred_lang')",".eq('user_id', user.id)       .maybeSingle();      if ((data as any)?.setting_lang) return normalizeLang((data as any).setting_lang);     if ((data as any)?.preferred_lang) return normalizeLang((data as any).preferred_lang);"
"src\screens\report\api\report.write.ts","6","const { data, error } = await supabase.rpc(fn, args ?? {});","if (error) throw error;   return data as T; }  export async function submitReport(input: SubmitReportInput): Promise<string> {"
"src\screens\settings\support\ContactForm.tsx","72","const uniqueLocales = (items: string[]) => Array.from(new Set(items.filter(Boolean)));","const buildLocalePriority = (appLocale: string) => uniqueLocales([appLocale, 'en', 'ko']);  const pickLocalizedValue = <T extends { locale?: string | null }>(   rows: T[],"
"src\screens\settings\support\ContactForm.tsx","139",".from('cs_categories')",".select('id, parent_id, name, sort_order, is_active')             .eq('is_active', true)             .order('sort_order', { ascending: true }),         ]);"
"src\screens\settings\support\ContactForm.tsx","140",".select('id, parent_id, name, sort_order, is_active')",".eq('is_active', true)             .order('sort_order', { ascending: true }),         ]);          if (!mounted) return;"
"src\screens\settings\support\ContactForm.tsx","161",".from('cs_category_translations')",".select('category_id, locale, name')             .in('category_id', categoryIds)             .in('locale', localePriority);            if (categoryTranslationError) {"
"src\screens\settings\support\ContactForm.tsx","162",".select('category_id, locale, name')",".in('category_id', categoryIds)             .in('locale', localePriority);            if (categoryTranslationError) {             console.warn('문의 카테고리 번역 로딩 실패:', categoryTranslationError);"
"src\screens\settings\support\ContactForm.tsx","311","const { error } = await supabase.from('inquiries').insert({","user_id: user?.id || null,         category: selectedCategory.name,         reply_email: email.trim(),         content: content.trim(),       });"
"src\screens\settings\support\CustomerCenterDetail.tsx","86","const uniqueLocales = (items: string[]) => Array.from(new Set(items.filter(Boolean)));","const buildLocalePriority = (appLocale: string) => uniqueLocales([appLocale, 'en', 'ko']);  const pickLocalizedValue = <T extends { locale?: string | null }>(   rows: T[],"
"src\screens\settings\support\CustomerCenterDetail.tsx","193",".from('cs_categories')",".select('id, parent_id, name, sort_order')           .eq('is_active', true)           .order('sort_order', { ascending: true });          if (catError) throw catError;"
"src\screens\settings\support\CustomerCenterDetail.tsx","194",".select('id, parent_id, name, sort_order')",".eq('is_active', true)           .order('sort_order', { ascending: true });          if (catError) throw catError;"
"src\screens\settings\support\CustomerCenterDetail.tsx","206",".from('cs_category_translations')",".select('category_id, locale, name')             .in('category_id', categoryIds)             .in('locale', localePriority);            if (categoryTranslationError) {"
"src\screens\settings\support\CustomerCenterDetail.tsx","207",".select('category_id, locale, name')",".in('category_id', categoryIds)             .in('locale', localePriority);            if (categoryTranslationError) {             console.warn('고객센터 카테고리 번역 로딩 실패:', categoryTranslationError);"
"src\screens\settings\support\CustomerCenterDetail.tsx","225",".from('cs_articles')",".select('id, category_id, title, content')           .eq('status', 'published')           .order('created_at', { ascending: false });          if (artError) throw artError;"
"src\screens\settings\support\CustomerCenterDetail.tsx","226",".select('id, category_id, title, content')",".eq('status', 'published')           .order('created_at', { ascending: false });          if (artError) throw artError;"
"src\screens\settings\support\CustomerCenterDetail.tsx","238",".from('cs_article_translations')",".select('article_id, locale, title, content')             .in('article_id', articleIds)             .in('locale', localePriority);            if (articleTranslationError) {"
"src\screens\settings\support\CustomerCenterDetail.tsx","239",".select('article_id, locale, title, content')",".in('article_id', articleIds)             .in('locale', localePriority);            if (articleTranslationError) {             console.warn('고객센터 게시글 번역 로딩 실패:', articleTranslationError);"
"src\screens\settings\support\CustomerCenterHome.tsx","69","const uniqueLocales = (items: string[]) => Array.from(new Set(items.filter(Boolean)));","const buildLocalePriority = (appLocale: string) => uniqueLocales([appLocale, 'en', 'ko']);  const pickLocalizedValue = <T extends { locale?: string | null }>(   rows: T[],"
"src\screens\settings\support\CustomerCenterHome.tsx","283",".from('cs_articles')",".select('id, title')           .eq('is_faq', true)           .eq('status', 'published')           .limit(5);         if (faqError) throw faqError;"
"src\screens\settings\support\CustomerCenterHome.tsx","284",".select('id, title')",".eq('is_faq', true)           .eq('status', 'published')           .limit(5);         if (faqError) throw faqError;"
"src\screens\settings\support\CustomerCenterHome.tsx","296",".from('cs_article_translations')",".select('article_id, locale, title')             .in('article_id', faqIds)             .in('locale', localePriority);            if (faqTranslationError) {"
"src\screens\settings\support\CustomerCenterHome.tsx","297",".select('article_id, locale, title')",".in('article_id', faqIds)             .in('locale', localePriority);            if (faqTranslationError) {             console.warn('FAQ 번역 로딩 실패:', faqTranslationError);"
"src\screens\settings\support\CustomerCenterHome.tsx","316",".from('cs_categories')",".select('id, name')           .is('parent_id', null)           .eq('is_active', true)           .order('sort_order', { ascending: true });         if (catError) throw catError;"
"src\screens\settings\support\CustomerCenterHome.tsx","317",".select('id, name')",".is('parent_id', null)           .eq('is_active', true)           .order('sort_order', { ascending: true });         if (catError) throw catError;"
"src\screens\settings\support\CustomerCenterHome.tsx","329",".from('cs_category_translations')",".select('category_id, locale, name')             .in('category_id', categoryIds)             .in('locale', localePriority);            if (categoryTranslationError) {"
"src\screens\settings\support\CustomerCenterHome.tsx","330",".select('category_id, locale, name')",".in('category_id', categoryIds)             .in('locale', localePriority);            if (categoryTranslationError) {             console.warn('고객센터 카테고리 번역 로딩 실패:', categoryTranslationError);"
"src\screens\settings\support\CustomerCenterHome.tsx","349",".from('policies')",".select('id, type, locale, title, is_bold, effective_date, created_at')           .eq('is_active', true)           .in('type', POLICY_TYPES)           .order('effective_date', { ascending: false })           .order('created_at', { ascending: false });"
"src\screens\settings\support\CustomerCenterHome.tsx","350",".select('id, type, locale, title, is_bold, effective_date, created_at')",".eq('is_active', true)           .in('type', POLICY_TYPES)           .order('effective_date', { ascending: false })           .order('created_at', { ascending: false });         setPolicies(buildVisiblePolicies((policyData ?? []) as PolicyDbRow[], appLocale, t));"
"src\screens\settings\support\CustomerCenterHome.tsx","358",".from('company_info')",".select('*')           .order('updated_at', { ascending: false })           .limit(1)           .single();"
"src\screens\settings\support\CustomerCenterHome.tsx","359",".select('*')",".order('updated_at', { ascending: false })           .limit(1)           .single();                  if (companyData) {"
"src\screens\settings\support\CustomerCenterList.tsx","86","const uniqueLocales = (items: string[]) => Array.from(new Set(items.filter(Boolean)));","const buildLocalePriority = (appLocale: string) => uniqueLocales([appLocale, 'en', 'ko']);  const pickLocalizedValue = <T extends { locale?: string | null }>(   rows: T[],"
"src\screens\settings\support\CustomerCenterList.tsx","193",".from('cs_categories')",".select('id, parent_id, name, sort_order')           .eq('is_active', true)           .order('sort_order', { ascending: true });          if (catError) throw catError;"
"src\screens\settings\support\CustomerCenterList.tsx","194",".select('id, parent_id, name, sort_order')",".eq('is_active', true)           .order('sort_order', { ascending: true });          if (catError) throw catError;"
"src\screens\settings\support\CustomerCenterList.tsx","206",".from('cs_category_translations')",".select('category_id, locale, name')             .in('category_id', categoryIds)             .in('locale', localePriority);            if (categoryTranslationError) {"
"src\screens\settings\support\CustomerCenterList.tsx","207",".select('category_id, locale, name')",".in('category_id', categoryIds)             .in('locale', localePriority);            if (categoryTranslationError) {             console.warn('고객센터 카테고리 번역 로딩 실패:', categoryTranslationError);"
"src\screens\settings\support\CustomerCenterList.tsx","225",".from('cs_articles')",".select('id, category_id, title, content')           .eq('status', 'published')           .order('created_at', { ascending: false });          if (artError) throw artError;"
"src\screens\settings\support\CustomerCenterList.tsx","226",".select('id, category_id, title, content')",".eq('status', 'published')           .order('created_at', { ascending: false });          if (artError) throw artError;"
"src\screens\settings\support\CustomerCenterList.tsx","238",".from('cs_article_translations')",".select('article_id, locale, title, content')             .in('article_id', articleIds)             .in('locale', localePriority);            if (articleTranslationError) {"
"src\screens\settings\support\CustomerCenterList.tsx","239",".select('article_id, locale, title, content')",".in('article_id', articleIds)             .in('locale', localePriority);            if (articleTranslationError) {             console.warn('고객센터 게시글 번역 로딩 실패:', articleTranslationError);"
"src\screens\settings\support\NoticeList.tsx","282",".from('notices')",".select('id,title,content,summary,category,tag,is_active,created_at,published_at,expires_at,priority')         .eq('is_active', true)         .order('priority', { ascending: false, nullsFirst: false })         .order('published_at', { ascending: false, nullsFirst: false })         .order('created_at', { ascending: false });"
"src\screens\settings\support\NoticeList.tsx","283",".select('id,title,content,summary,category,tag,is_active,created_at,published_at,expires_at,priority')",".eq('is_active', true)         .order('priority', { ascending: false, nullsFirst: false })         .order('published_at', { ascending: false, nullsFirst: false })         .order('created_at', { ascending: false });"
"src\screens\settings\support\NoticeList.tsx","302",".from('app_notice_reads')",".select('notice_id,read_at')         .eq('user_id', user.id)         .in('notice_id', noticeIds);        if (readError) throw readError;"
"src\screens\settings\support\NoticeList.tsx","303",".select('notice_id,read_at')",".eq('user_id', user.id)         .in('notice_id', noticeIds);        if (readError) throw readError;"
"src\screens\settings\support\NoticeList.tsx","365","const { error } = await supabase.rpc('mark_app_notice_read', { p_notice_id: noticeId });","if (error) {       setReadIds((prev) => {         const next = new Set(prev);         next.delete(noticeId);         return next;"
"src\screens\settings\support\NoticeList.tsx","401","const { error } = await supabase.rpc('mark_all_app_notices_read', {","p_category: activeCategory,     });      if (error) {       setReadIds(previous);"
"src\screens\settings\support\PolicyViewer.tsx","126","const uniqueLocales = (items: string[]) => Array.from(new Set(items.filter(Boolean)));","const sanitizeFileName = (value: string) =>   value     .replace(/[\\/:*?""<>|]/g, '_')     .replace(/\s+/g, '_')"
"src\screens\settings\support\PolicyViewer.tsx","265",".from('policies')",".select('id, type, locale, title, version, summary, content, is_active, is_bold, effective_date, published_at, created_at')           .eq('type', policyType)           .in('locale', preferredCandidates)           .order('is_active', { ascending: false })           .order('effective_date', { ascending: false })"
"src\screens\settings\support\PolicyViewer.tsx","266",".select('id, type, locale, title, version, summary, content, is_active, is_bold, effective_date, published_at, created_at')",".eq('type', policyType)           .in('locale', preferredCandidates)           .order('is_active', { ascending: false })           .order('effective_date', { ascending: false })           .order('created_at', { ascending: false });"
"src\screens\settings\support\PolicyViewer.tsx","279",".from('policies')",".select('id, type, locale, title, version, summary, content, is_active, is_bold, effective_date, published_at, created_at')             .eq('type', policyType)             .order('is_active', { ascending: false })             .order('effective_date', { ascending: false })             .order('created_at', { ascending: false });"
"src\screens\settings\support\PolicyViewer.tsx","280",".select('id, type, locale, title, version, summary, content, is_active, is_bold, effective_date, published_at, created_at')",".eq('type', policyType)             .order('is_active', { ascending: false })             .order('effective_date', { ascending: false })             .order('created_at', { ascending: false });"
"src\screens\settings\AccountSettings.tsx","94",".from('profile-images')",".upload(fileName, formData, {       cacheControl: '3600',       upsert: false,     });"
"src\screens\settings\AccountSettings.tsx","103",".from('profile-images')",".getPublicUrl(fileName);    return data.publicUrl; };"
"src\screens\settings\AccountSettings.tsx","433","const { data: row, error } = await supabase.from('profiles').select('*').eq('user_id', user.id).maybeSingle();","if (error) throw error;        if (row) {         const nextNickname = String(row.nickname ?? '').trim();         const nextAvatarUrl = (row.avatar_url ?? row.private_avatar_url ?? null) as string | null;"
"src\screens\settings\AccountSettings.tsx","537","const { data, error } = await supabase.rpc('check_profile_identifier_available', {","p_field: field,         p_value: trimmed,       });       if (error) throw error;       setStatus(data ? 'success' : 'duplicate');"
"src\screens\settings\AccountSettings.tsx","566","const { data, error } = await supabase.rpc('get_account_withdrawal_reasons_v1', {","p_lang: getCurrentLocale(),       });       if (error) throw error;       const next = Array.isArray(data)         ? data.map((item: any) => ({"
"src\screens\settings\AccountSettings.tsx","711","const { error } = await supabase.from('profiles').update({","nickname: normalizedNickname,         avatar_url: finalAvatarUrl,         follow_id: normalizedFollowId || null,         friend_code: normalizedFriendCode || null,         show_nickname_to_friends: showNickname,"
"src\screens\settings\DataStorageCenter.theme.ts","12",": (Platform.select({","ios: {           shadowColor: '#000000',           shadowOffset: { width: 0, height: 4 },           shadowOpacity: 0,           shadowRadius: 0,"
"src\screens\settings\Home.tsx","500",".from('profiles')",".select('id, user_id, nickname, avatar_url, private_avatar_url, status_message, cover_image_url, theme_color, font_color, status_bar_style, hide_all_tab, preferred_lang, user_tier, neighborhood_radius_m')         .eq('user_id', user.id)         .maybeSingle();        const latestNoticePromise = supabase"
"src\screens\settings\Home.tsx","501",".select('id, user_id, nickname, avatar_url, private_avatar_url, status_message, cover_image_url, theme_color, font_color, status_bar_style, hide_all_tab, preferred_lang, user_tier, neighborhood_radius_m')",".eq('user_id', user.id)         .maybeSingle();        const latestNoticePromise = supabase         .from('notices')"
"src\screens\settings\Home.tsx","506",".from('notices')",".select('created_at')         .eq('is_active', true)         .order('created_at', { ascending: false })         .limit(1)         .maybeSingle();"
"src\screens\settings\Home.tsx","507",".select('created_at')",".eq('is_active', true)         .order('created_at', { ascending: false })         .limit(1)         .maybeSingle();"
"src\screens\settings\Home.tsx","562",".from('profiles')",".update({ preferred_lang: appliedLang })           .eq('user_id', meId)           .then(({ error }) => {             if (error) {               console.warn('[settings-home][preferred_lang_update_failed]', error);"
"src\screens\settings\Home.tsx","583",".from('profiles')",".update({ neighborhood_radius_m: newRadius })           .eq('user_id', meId);         setProf((prev) => (prev ? { ...prev, neighborhood_radius_m: newRadius } : null));       }     } catch (e) {"
"src\screens\settings\Notification.tsx","411",".from('user_notification_settings')",".select('*')         .eq('user_id', user.id)         .maybeSingle();       if (error && error.code !== '42P01') throw error;"
"src\screens\settings\Notification.tsx","412",".select('*')",".eq('user_id', user.id)         .maybeSingle();       if (error && error.code !== '42P01') throw error;        const initial: NotiRow = data ?? {"
"src\screens\settings\Notification.tsx","541",".from('user_notification_settings')",".upsert({ user_id: me, ...payload }, { onConflict: 'user_id' });       if (error) throw error;       showToast({ message: settingsText('notification.alert.save_success', '저장되었습니다.'), tone: 'success', showMark: true });     } catch (e: any) {       showAlert({ title: settingsText('notification.alert.save_fail', '저장 실패'), message: e?.message ?? String(e), variant: 'danger' });"
"src\screens\settings\Notification.tsx","1005","() => Array.from({ length: WHEEL_RENDER_RADIUS * 2 + 1 }, (_, index) => index - WHEEL_RENDER_RADIUS),","[],   );    return (     <View"
"src\screens\settings\PersonalityType.theme.ts","11",": (Platform.select({","ios: {           shadowColor: '#000000',           shadowOffset: { width: 0, height: 8 },           shadowOpacity: 0,           shadowRadius: 0,"
"src\screens\settings\Privacy.tsx","181",".from('profiles')",".select(PRIVACY_PROFILE_COLUMNS)         .eq('user_id', user.id)         .maybeSingle();        if (error) throw error;"
"src\screens\settings\Privacy.tsx","182",".select(PRIVACY_PROFILE_COLUMNS)",".eq('user_id', user.id)         .maybeSingle();        if (error) throw error;"
"src\screens\settings\Privacy.tsx","237",".from('profiles')",".update(payload)         .eq('user_id', user.id)         .select('user_id')         .maybeSingle();"
"src\screens\settings\Privacy.tsx","240",".select('user_id')",".maybeSingle();        if (primary.error) throw primary.error;        if (!primary.data) {"
"src\screens\settings\Privacy.tsx","247",".from('profiles')",".insert({             user_id: user.id,             id: user.id,             ...payload,           })"
"src\screens\settings\Privacy.tsx","253",".select('user_id')",".maybeSingle();          if (inserted.error) throw inserted.error;         if (!inserted.data) throw new Error('profile row was not saved');       }"
"src\screens\system\SplashGate.tsx","281",".from(""profiles_private"")",".upsert({ user_id: uid }, { onConflict: ""user_id"" }),             supabase               .from(""profiles"")               .upsert(                 {"
"src\screens\system\SplashGate.tsx","284",".from(""profiles"")",".upsert(                 {                   user_id: uid,                   preferred_lang: initialLang,                 },"
"src\screens\system\SplashGate.tsx","295",".from(""profiles"")",".select(""nickname, follow_id, onboarding_completed_at, terms_accepted, terms_accepted_at, phone_verified_at, account_status, withdrawn_at, deleted_at, deleted_reason, auth_delete_due_at"")             .eq(""user_id"", uid)             .maybeSingle();            if (profileError) throw profileError;"
"src\screens\system\SplashGate.tsx","296",".select(""nickname, follow_id, onboarding_completed_at, terms_accepted, terms_accepted_at, phone_verified_at, account_status, withdrawn_at, deleted_at, deleted_reason, auth_delete_due_at"")",".eq(""user_id"", uid)             .maybeSingle();            if (profileError) throw profileError;"
"src\screens\system\SplashGate.tsx","334",".from(""profiles"")",".update({ onboarding_completed_at: new Date().toISOString() })               .eq(""user_id"", uid);           }            return {"
"src\theme\tokens.ts","94","floating: Platform.select({","ios: {       shadowColor: '#000000',       shadowOffset: { width: 0, height: 6 },       shadowOpacity: 0.15,       shadowRadius: 12,"
"src\theme\tokens.ts","112","selectedChipLight: Platform.select({","ios: {       shadowColor: '#000000',       shadowOffset: { width: 0, height: 1 },       shadowOpacity: 0.06,       shadowRadius: 2,"
"src\utils\chat\useChatMessages.ts","756","return Array.from(merged.values());","}  async function fetchCountSafe(query: any): Promise<number> {   try {     if (typeof query?.fetchCount === 'function') return await query.fetchCount();"
"src\utils\chat\useChatMessages.ts","1274","for (const key of Array.from(pendingOptimisticPromotionKeysRef.current)) {","if (latestKeys.has(key)) {         pendingOptimisticPromotionKeysRef.current.delete(key);         promotedCount += 1;         continue;       }"
"src\utils\ensureChatRoom.ts","25",".from('chat_rooms')",".select('id')     .eq('type', 'beacon')     .eq('beacon_id', beaconIdNum)     .limit(1);"
"src\utils\ensureChatRoom.ts","26",".select('id')",".eq('type', 'beacon')     .eq('beacon_id', beaconIdNum)     .limit(1);    if (existingErr) {"
"src\utils\ensureChatRoom.ts","42",".from('chat_rooms')",".insert({         type: 'beacon',         custom_title: null,         beacon_id: beaconIdNum,         created_by: userId,"
"src\utils\ensureChatRoom.ts","49",".select('id')",".single();      if (insertErr || !inserted) {       throw insertErr ?? new Error('채팅방 생성 실패');     }"
"src\utils\ensureChatRoom.ts","61",".from('chat_members')",".upsert(       {         room_id: roomId,         user_id: userId,         joined_at: new Date().toISOString(),"
"src\utils\ensureSelfChatRoom.ts","11",".from('chat_rooms')",".select('id')     .eq('type', 'self')     .eq('created_by', uid)     .is('beacon_id', null)     .maybeSingle();"
"src\utils\ensureSelfChatRoom.ts","12",".select('id')",".eq('type', 'self')     .eq('created_by', uid)     .is('beacon_id', null)     .maybeSingle();"
"src\utils\ensureSelfChatRoom.ts","23",".from('chat_rooms')",".insert({       type: 'self',       created_by: uid,       beacon_id: null,       custom_title: null,"
"src\utils\ensureSelfChatRoom.ts","30",".select('id')",".single();    if (insErr) throw insErr;   if (!room?.id) throw new Error('self chat room create failed');"
"src\utils\ensureSelfChatRoom.ts","38",".from('chat_members')",".insert({ room_id: room.id, user_id: uid });    if (memErr) throw memErr;    return room.id as number;"
"src\utils\uploadChatFile.ts","16","const { error } = await supabase.storage.from(bucket).upload(key, bin, {","contentType: mime || 'application/octet-stream',     upsert: false,   });   if (error) throw error;   return { bucket, key };"
